relative_path,folder,top_level_folder,filename,file_size_bytes,sha256,parse_status,parse_error,file_format,dwg_version,title,subject,author,last_saved_by,company,object_count,entity_count,xdata_entity_count,registered_appids,plant_appid_present,native_plant_object_count,relationship_record_count,relationship_fields,relationship_storage,external_file_references,companion_files,connectivity_assessment
Reference/CHEM_PID/PCSG028666.03_Surface_size_preparation/PCSG028666.03_Surface_size_preparation.dwg,Reference/CHEM_PID/PCSG028666.03_Surface_size_preparation,CHEM_PID,PCSG028666.03_Surface_size_preparation.dwg,461605,7b29ed3f8e640a924de5f2171fd8b4602ac4913289ff66ec10089d90b7542e84,ok,,AC1032,33,,,,jani.linden,,8529,7928,633,AcPp3d|GENIUS_GEFCFG0_13|GENIUS_GEGCFG0_13|GENIUS_GENBH_13|GENIUS_GENBLKED_14|GENIUS_GENCFG0_13|GENIUS_GENCFG1_13|GENIUS_GENCFG2_13|GENIUS_GENCFG3_13|GENIUS_GENCFG4_13|GENIUS_GENCFG_13|GENIUS_GENDIMSH_14|GENIUS_GENDIM_13|GENIUS_GENDTOL_13|GENIUS_GENHATCH_13|GENIUS_GENOBJ-F-SCPASSM_13|GENIUS_GENOBJ-N-DIM_13|GENIUS_GENOBJ-N-HTC_13|GENIUS_GENOBJ-N-REC_13|GENIUS_GENOBJ-N-RSSYM_13|GENIUS_GENOBJ-N-SDF_13|GENIUS_GENOBJ-N-TIT_13|GENIUS_GENOBJ-NBEHI-BHB_13|GENIUS_GENOBJ-NBEHI-BHF_13|GENIUS_GENODEF_13|GENIUS_GENOENT_13|GENIUS_GENOLIS_13|GENIUS_GENOREF_13|GENIUS_GENREC_14|GENIUS_GENSCREG_15|GENIUS_GENSCSYM_13|GENIUS_GENSYMENT_13|GENIUS_GENTITLE_13|GENIUS_GENZVEED_13|GENIUS_GEVCFG0_13|GENIUS_VERSION2|PCAD-ELPOS-INFO|PCAD-ELPOS-INFO_|PCAD-POS-HEIGHT|PCAD-POS-INFO|PCAD-POS-INFO_|PCAD-SPELLING|PCAD-TAKY-INFO|PCAD-TAKY2-INFO|PCAD_1|PCAD_B|PCAD_HATCH|PCAD_HLIGHT|PCAD_INSTR_LINEB|PCAD_MLINES|PCAD_POS2_INFO|PCAD_POS2_INFO_|PCAD_REF|PCAD_SYM_BH|PCAD_VISIBILITY,TRUE,0,94,LIN_FROM|LIN_TO,DWG extended entity data (EED),ROMANS.SHX|amgdt.shx,PCSG028666.03_Surface_size_preparation.pdf,embedded named endpoints; reconstruct from LIN_FROM and LIN_TO
Reference/CHEM_PID/PCSG028670.03_CPAM/PCSG028670.03_CPAM.dwg,Reference/CHEM_PID/PCSG028670.03_CPAM,CHEM_PID,PCSG028670.03_CPAM.dwg,289622,1cb721d0d55faf34cd27827885d6307e7f1f9fbf7d6938ed69eda5ca0f2037ed,ok,,AC1032,33,,,,nina.niittykumpu,,4126,3593,351,AcPp3d|PCAD-ELPOS-INFO|PCAD-ELPOS-INFO_|PCAD-POS-HEIGHT|PCAD-POS-INFO|PCAD-POS-INFO_|PCAD-SPELLING|PCAD-TAKY-INFO|PCAD-TAKY2-INFO|PCAD_1|PCAD_B|PCAD_HATCH|PCAD_HLIGHT|PCAD_INSTR_LINEB|PCAD_MLINES|PCAD_POS2_INFO|PCAD_POS2_INFO_|PCAD_REF|PCAD_SYM_BH|PCAD_VISIBILITY,TRUE,0,40,LIN_FROM|LIN_TO,DWG extended entity data (EED),ROMANS.SHX|amgdt.shx,PCSG028670.03_CPAM.pdf,embedded named endpoints; reconstruct from LIN_FROM and LIN_TO
Reference/CHEM_PID/PCSG028671.02_Bentonite/PCSG028671.02_Bentonite.dwg,Reference/CHEM_PID/PCSG028671.02_Bentonite,CHEM_PID,PCSG028671.02_Bentonite.dwg,327785,c5cc0e49d1b37c485d447d5d5854d1f563e880b0aef7a5a23e66eca7d83a34b9,ok,,AC1032,33,,,,kai.kuoppa,,4968,4470,480,AcPp3d|GENIUS_GENOBJ-N-REC_13|GENIUS_GENODEF_13|GENIUS_GENREC_14|PCAD-ELPOS-INFO|PCAD-ELPOS-INFO_|PCAD-POS-HEIGHT|PCAD-POS-INFO|PCAD-POS-INFO_|PCAD-SPELLING|PCAD-TAKY-INFO|PCAD-TAKY2-INFO|PCAD_1|PCAD_B|PCAD_HLIGHT|PCAD_INSTR_LINEB|PCAD_MLINES|PCAD_POS2_INFO|PCAD_POS2_INFO_|PCAD_REF|PCAD_RUBBISH|PCAD_SYM_BH|PCAD_VISIBILITY,TRUE,0,55,LIN_FROM|LIN_TO,DWG extended entity data (EED),romans.shx,PCSG028671.02_Bentonite.pdf,embedded named endpoints; reconstruct from LIN_FROM and LIN_TO
Reference/CHEM_PID/PCSG028672.02_Dye_brown/PCSG028672.02_Dye_brown.dwg,Reference/CHEM_PID/PCSG028672.02_Dye_brown,CHEM_PID,PCSG028672.02_Dye_brown.dwg,222344,c4c952434e2967482e43794d2c2489f70934ab80b483a71575902ce3497a172c,ok,,AC1032,33,,,,kai.kuoppa,,2733,2298,253,AcPp3d|PCAD-ELPOS-INFO|PCAD-POS-HEIGHT|PCAD-POS-INFO|PCAD-POS-INFO_|PCAD-SPELLING|PCAD-TAKY-INFO|PCAD-TAKY2-INFO|PCAD_1|PCAD_B|PCAD_HLIGHT|PCAD_POS2_INFO|PCAD_POS2_INFO_|PCAD_REF|PCAD_SYM_BH|PCAD_VISIBILITY,TRUE,0,22,LIN_FROM|LIN_TO,DWG extended entity data (EED),romans.shx,PCSG028672.02_Dye_brown.pdf,embedded named endpoints; reconstruct from LIN_FROM and LIN_TO
Reference/CHEM_PID/PCSG028673.02_Defoamer/PCSG028673.02_Defoamer.dwg,Reference/CHEM_PID/PCSG028673.02_Defoamer,CHEM_PID,PCSG028673.02_Defoamer.dwg,212481,58569161aea1bdb3a876ee6de4153d02467c8df55cf37a47ecf289cf7f5d0cf7,ok,,AC1032,33,,,,kai.kuoppa,,2404,1974,228,AcPp3d|PCAD-ELPOS-INFO|PCAD-POS-HEIGHT|PCAD-POS-INFO|PCAD-POS-INFO_|PCAD-SPELLING|PCAD-TAKY-INFO|PCAD-TAKY2-INFO|PCAD_1|PCAD_B|PCAD_HLIGHT|PCAD_POS2_INFO|PCAD_POS2_INFO_|PCAD_REF|PCAD_SYM_BH|PCAD_VISIBILITY,TRUE,0,20,LIN_FROM|LIN_TO,DWG extended entity data (EED),romans.shx,PCSG028673.02_Defoamer.pdf,embedded named endpoints; reconstruct from LIN_FROM and LIN_TO
Reference/OCC_PID/STOD206340.10 OCC Pulping line 1/STOD206340.10 OCC Pulping line 1.dwg,Reference/OCC_PID/STOD206340.10 OCC Pulping line 1,OCC_PID,STOD206340.10 OCC Pulping line 1.dwg,343176,9a5547c5257ed39d9f4b732f59e9c4108f6671244afbf8087f1a8a0b2eedb42a,ok,,AC1032,33,,,,nina.niittykumpu,,5410,4739,1659,AcPp3d|GENIUS_GENCEN_19|GENIUS_GENOBJ-N-CEN_13|GENIUS_GENOBJ-N-FIL_13|GENIUS_GENOBJ-N-REC_13|GENIUS_GENOBJ-N-SDF_13|GENIUS_GENODEF_13|GENIUS_GENREC_14|GENIUS_GENSCREG_15|GENIUS_VERSION2|PCAD-BRANCH|PCAD-ELPOS-INFO|PCAD-ELPOS-INFO_|PCAD-POS-HEIGHT|PCAD-POS-INFO|PCAD-POS-INFO_|PCAD-SPELLING|PCAD-TAKY-INFO|PCAD-TAKY2-INFO|PCAD_1|PCAD_2|PCAD_ARROWS|PCAD_B|PCAD_BRANCHES|PCAD_BRK|PCAD_FROM|PCAD_HATCH|PCAD_HLIGHT|PCAD_INSTR_LINEB|PCAD_MASTER|PCAD_MLINES|PCAD_POS2_INFO|PCAD_POS2_INFO_|PCAD_REF|PCAD_RUBBISH|PCAD_SYM_BH|PCAD_TO|PCAD_VISIBILITY,TRUE,0,72,LIN_FROM|LIN_TO,DWG extended entity data (EED),ARIALN.TTF,STOD206340.10 OCC Pulping line 1.pdf,embedded named endpoints; reconstruct from LIN_FROM and LIN_TO
Reference/OCC_PID/STOD206341.10 OCC Pulping line 2/STOD206341.10 OCC Pulping line 2.dwg,Reference/OCC_PID/STOD206341.10 OCC Pulping line 2,OCC_PID,STOD206341.10 OCC Pulping line 2.dwg,350702,e71b7dd48149873cd702bf3ecfa33309c3aeb786ba3f4d311136f81bc0435436,ok,,AC1032,33,,,,nina.niittykumpu,,5464,4780,1671,AcPp3d|GENIUS_GENCEN_19|GENIUS_GENOBJ-N-CEN_13|GENIUS_GENOBJ-N-FIL_13|GENIUS_GENOBJ-N-REC_13|GENIUS_GENOBJ-N-SDF_13|GENIUS_GENODEF_13|GENIUS_GENREC_14|GENIUS_GENSCREG_15|GENIUS_VERSION2|PCAD-BRANCH|PCAD-ELPOS-INFO|PCAD-ELPOS-INFO_|PCAD-POS-HEIGHT|PCAD-POS-INFO|PCAD-POS-INFO_|PCAD-SPELLING|PCAD-TAKY-INFO|PCAD-TAKY2-INFO|PCAD_1|PCAD_2|PCAD_ARROWS|PCAD_B|PCAD_BRANCHES|PCAD_BRK|PCAD_FROM|PCAD_HATCH|PCAD_HLIGHT|PCAD_INSTR_LINEB|PCAD_MASTER|PCAD_MLINES|PCAD_POS2_INFO|PCAD_POS2_INFO_|PCAD_REF|PCAD_RUBBISH|PCAD_SYM_BH|PCAD_TO|PCAD_VISIBILITY,TRUE,0,74,LIN_FROM|LIN_TO,DWG extended entity data (EED),arial.ttf,STOD206341.10 OCC Pulping line 2.pdf,embedded named endpoints; reconstruct from LIN_FROM and LIN_TO
Reference/OCC_PID/STOD206342.10 OCC cleaning and fractionation (1)/STOD206342.10 OCC cleaning and fractionation.dwg,Reference/OCC_PID/STOD206342.10 OCC cleaning and fractionation (1),OCC_PID,STOD206342.10 OCC cleaning and fractionation.dwg,947536,9d76288f129ada6613e91a9a7ed4513e69d5a9ec411070a09f1db219878ce7b1,ok,,AC1032,33,,,,nina.niittykumpu,,12771,11505,6436,AcPp3d|GENIUS_GEFCFG0_13|GENIUS_GEGCFG0_13|GENIUS_GENBH_13|GENIUS_GENBLKED_14|GENIUS_GENCEN_19|GENIUS_GENCFG0_13|GENIUS_GENCFG1_13|GENIUS_GENCFG2_13|GENIUS_GENCFG3_13|GENIUS_GENCFG4_13|GENIUS_GENCFG_13|GENIUS_GENDIMSH_14|GENIUS_GENDIM_13|GENIUS_GENDTOL_13|GENIUS_GENHATCH_13|GENIUS_GENOBJ-F-SCPASSM_13|GENIUS_GENOBJ-N-CEN_13|GENIUS_GENOBJ-N-DIM_13|GENIUS_GENOBJ-N-HTC_13|GENIUS_GENOBJ-N-REC_13|GENIUS_GENOBJ-N-RSSYM_13|GENIUS_GENOBJ-N-SDF_13|GENIUS_GENOBJ-N-TIT_13|GENIUS_GENOBJ-NBEHI-BHB_13|GENIUS_GENOBJ-NBEHI-BHF_13|GENIUS_GENODEF_13|GENIUS_GENOENT_13|GENIUS_GENOLIS_13|GENIUS_GENOREF_13|GENIUS_GENREC_14|GENIUS_GENSCREG_15|GENIUS_GENSCSYM_13|GENIUS_GENSYMENT_13|GENIUS_GENTITLE_13|GENIUS_GENZVEED_13|GENIUS_GEVCFG0_13|GENIUS_VERSION2|PCAD-BRANCH|PCAD-ELPOS-INFO|PCAD-ELPOS-INFO_|PCAD-POS-HEIGHT|PCAD-POS-INFO|PCAD-POS-INFO_|PCAD-SPELLING|PCAD-TAKY-INFO|PCAD-TAKY2-INFO|PCAD_1|PCAD_2|PCAD_AGITATORS|PCAD_ARROWS|PCAD_B|PCAD_BRANCHES|PCAD_BRK|PCAD_FROM|PCAD_HATCH|PCAD_HLIGHT|PCAD_INSTR_LINEB|PCAD_MASTER|PCAD_MLINES|PCAD_POS2_INFO|PCAD_POS2_INFO_|PCAD_REF|PCAD_RUBBISH|PCAD_SYM_BH|PCAD_TO|PCAD_VISIBILITY,TRUE,0,252,LIN_FROM|LIN_TO,DWG extended entity data (EED),arial.ttf,STOD206342.10 OCC cleaning and fractionation.pdf,embedded named endpoints; reconstruct from LIN_FROM and LIN_TO
Reference/OCC_PID/STOD206343.10 OCC Thickening/STOD206343.10 OCC Thickening.dwg,Reference/OCC_PID/STOD206343.10 OCC Thickening,OCC_PID,STOD206343.10 OCC Thickening.dwg,773097,6a79fd769fc063857576203729f0b87a156ee9fb7b53bb26afc71e10c087023e,ok,,AC1032,33,,,,nina.niittykumpu,,12405,11146,5890,AcPp3d|GENIUS_GENOBJ-N-FIL_13|GENIUS_GENOBJ-N-REC_13|GENIUS_GENOBJ-N-SDF_13|GENIUS_GENODEF_13|GENIUS_GENREC_14|GENIUS_GENSCREG_15|GENIUS_GENTRA_14|GENIUS_VERSION2|PCAD-BRANCH|PCAD-ELPOS-INFO|PCAD-ELPOS-INFO_|PCAD-POS-HEIGHT|PCAD-POS-INFO|PCAD-POS-INFO_|PCAD-SPELLING|PCAD-TAKY-INFO|PCAD-TAKY2-INFO|PCAD_1|PCAD_2|PCAD_AGITATORS|PCAD_ALMA1|PCAD_ARROWS|PCAD_B|PCAD_BRANCHES|PCAD_BRK|PCAD_FROM|PCAD_HATCH|PCAD_HLIGHT|PCAD_INSTR_LINEB|PCAD_MASTER|PCAD_MLINES|PCAD_POS2_INFO|PCAD_POS2_INFO_|PCAD_REF|PCAD_RUBBISH|PCAD_SYM_BH|PCAD_TO|PCAD_VISIBILITY,TRUE,0,258,LIN_FROM|LIN_TO,DWG extended entity data (EED),ARIALN.TTF,STOD206343.10 OCC Thickening.pdf,embedded named endpoints; reconstruct from LIN_FROM and LIN_TO
Reference/OCC_PID/STOD206344.13_OCC Reject handling/STOD206344.13_OCC Reject handling.dwg,Reference/OCC_PID/STOD206344.13_OCC Reject handling,OCC_PID,STOD206344.13_OCC Reject handling.dwg,585268,096100d2563dae7a52592128769b73e70c5a08b703d23b9474f1bb963e586741,ok,,AC1032,33,,,,jani.linden,,8760,7563,3965,AcPp3d|GENIUS_FIRSTVISTXT_14|GENIUS_GEFDESC_14|GENIUS_GEFFEAT_14|GENIUS_GEFPARTINS_13|GENIUS_GEFSTDP_13|GENIUS_GENBH_13|GENIUS_GENHINW_13|GENIUS_GENOBJ-F-DESC_13|GENIUS_GENOBJ-F-FEAT_13|GENIUS_GENOBJ-F-PART_13|GENIUS_GENOBJ-N-CEN_13|GENIUS_GENOBJ-N-CRS_13|GENIUS_GENOBJ-N-FIL_13|GENIUS_GENOBJ-N-REC_13|GENIUS_GENOBJ-NBEHI-BHF_13|GENIUS_GENODEF_13|GENIUS_GENOENT_13|GENIUS_GENOLIS_13|GENIUS_GENOREF_13|GENIUS_GENREC_14|PCAD-ELPOS-INFO|PCAD-ELPOS-INFO_|PCAD-POS-HEIGHT|PCAD-POS-INFO|PCAD-POS-INFO_|PCAD-SPELLING|PCAD-TAKY-INFO|PCAD-TAKY2-INFO|PCAD_1|PCAD_2|PCAD_A|PCAD_AGITATORS|PCAD_ARROWS|PCAD_B|PCAD_BRK|PCAD_B_|PCAD_FROM|PCAD_HATCH|PCAD_HLIGHT|PCAD_INSTR_LINEB|PCAD_MASTER|PCAD_MLINES|PCAD_POS2_INFO|PCAD_POS2_INFO_|PCAD_REF|PCAD_RUBBISH|PCAD_SYM_BH|PCAD_TO|PCAD_VISIBILITY,TRUE,0,140,LIN_FROM|LIN_TO,DWG extended entity data (EED),ARIALN.TTF,STOD206344.13_OCC Reject handling.pdf,embedded named endpoints; reconstruct from LIN_FROM and LIN_TO
Reference/OCC_PID/STOD212164.03 OCC Utility Pipe Routes/STOD212164.03 OCC Utility Pipe Routes.dwg,Reference/OCC_PID/STOD212164.03 OCC Utility Pipe Routes,OCC_PID,STOD212164.03 OCC Utility Pipe Routes.dwg,8493406,f886e5b005ee87daf40b5b9208c906dd60271c6e0c558b49be2cb6da30a194e1,ok,,AC1032,33,,,,nina.niittykumpu,,195065,193510,2639,AcPp3d|GENIUS_AMGTXT_16|GENIUS_GEFDESC_14|GENIUS_GEFFEAT_14|GENIUS_GEFPARTINS_13|GENIUS_GEFSTDP_13|GENIUS_GEFWELD_13|GENIUS_GENBH_13|GENIUS_GENCEN_19|GENIUS_GENCRS_20|GENIUS_GENFIL_13|GENIUS_GENHATCH_13|GENIUS_GENHINW_13|GENIUS_GENOBJ-F-DESC_13|GENIUS_GENOBJ-F-FEAT_13|GENIUS_GENOBJ-F-PART_13|GENIUS_GENOBJ-F-WELS_13|GENIUS_GENOBJ-N-CEN_13|GENIUS_GENOBJ-N-CHA_13|GENIUS_GENOBJ-N-CRS_13|GENIUS_GENOBJ-N-FIL_13|GENIUS_GENOBJ-N-HTC_13|GENIUS_GENOBJ-N-REC_13|GENIUS_GENOBJ-NBEHI-BHB_13|GENIUS_GENOBJ-NBEHI-BHF_13|GENIUS_GENODEF_13|GENIUS_GENOENT_13|GENIUS_GENOLIS_13|GENIUS_GENOREF_13|GENIUS_GENREC_14|PCAD-BRANCH|PCAD-ELPOS-INFO|PCAD-ELPOS-INFO_|PCAD-POS-HEIGHT|PCAD-POS-INFO|PCAD-POS-INFO_|PCAD-TAKY-INFO|PCAD-TAKY2-INFO|PCAD_B|PCAD_BRANCHES|PCAD_FROM|PCAD_HATCH|PCAD_HLIGHT|PCAD_INSTR_LINEB|PCAD_MASTER|PCAD_MLINES|PCAD_POS2_INFO|PCAD_POS2_INFO_|PCAD_RUBBISH|PCAD_SYM_BH|PCAD_TO|PCAD_VISIBILITY,TRUE,0,111,LIN_FROM|LIN_TO,DWG extended entity data (EED),ROMANS.SHX,STOD212164.03 OCC Utility Pipe Routes.pdf,embedded named endpoints; reconstruct from LIN_FROM and LIN_TO
Reference/PM03_PID/PCSG028667.02_sizing_agent/PCSG028667.02_sizing_agent.dwg,Reference/PM03_PID/PCSG028667.02_sizing_agent,PM03_PID,PCSG028667.02_sizing_agent.dwg,209851,bee9758a77af9315b303a02d31a4020a77664c296b316300511c4744c52e9aaa,ok,,AC1032,33,,,,kai.kuoppa,,2390,1973,221,AcPp3d|PCAD-ELPOS-INFO|PCAD-POS-HEIGHT|PCAD-POS-INFO|PCAD-POS-INFO_|PCAD-SPELLING|PCAD-TAKY-INFO|PCAD-TAKY2-INFO|PCAD_1|PCAD_B|PCAD_HLIGHT|PCAD_POS2_INFO|PCAD_POS2_INFO_|PCAD_REF|PCAD_SYM_BH|PCAD_VISIBILITY,TRUE,0,16,LIN_FROM|LIN_TO,DWG extended entity data (EED),ROMANS.SHX,PCSG028667.02_sizing_agent.pdf,embedded named endpoints; reconstruct from LIN_FROM and LIN_TO
Reference/PM03_PID/PCSG028668.02_PAC/PCSG028668.02_PAC.dwg,Reference/PM03_PID/PCSG028668.02_PAC,PM03_PID,PCSG028668.02_PAC.dwg,222564,2d942d5715146b088ba5e7f64adba796e2ecb0c5681d4a533aa395750b9965f7,ok,,AC1032,33,,,,kai.kuoppa,,2222,1797,202,AcPp3d|PCAD-ELPOS-INFO|PCAD-POS-HEIGHT|PCAD-POS-INFO|PCAD-POS-INFO_|PCAD-SPELLING|PCAD-TAKY-INFO|PCAD-TAKY2-INFO|PCAD_1|PCAD_B|PCAD_HLIGHT|PCAD_POS2_INFO|PCAD_POS2_INFO_|PCAD_REF|PCAD_SYM_BH|PCAD_VISIBILITY,TRUE,0,17,LIN_FROM|LIN_TO,DWG extended entity data (EED),ROMANS.SHX,PCSG028668.02_PAC.pdf,embedded named endpoints; reconstruct from LIN_FROM and LIN_TO
Reference/PM03_PID/PCSG028669.02_Defoamer_and_biocide/PCSG028669.02_Defoamer_and_biocide.dwg,Reference/PM03_PID/PCSG028669.02_Defoamer_and_biocide,PM03_PID,PCSG028669.02_Defoamer_and_biocide.dwg,206720,eb309e44c1c3d1dd029024765e438442e12e958490366fd5348b3da4d63a0cbb,ok,,AC1032,33,,,,kai.kuoppa,,2466,2029,218,AcPp3d|PCAD-ELPOS-INFO|PCAD-ELPOS-INFO_|PCAD-POS-HEIGHT|PCAD-POS-INFO|PCAD-POS-INFO_|PCAD-SPELLING|PCAD-TAKY-INFO|PCAD-TAKY2-INFO|PCAD_1|PCAD_B|PCAD_HATCH|PCAD_HLIGHT|PCAD_INSTR_LINEB|PCAD_MLINES|PCAD_POS2_INFO|PCAD_POS2_INFO_|PCAD_REF|PCAD_SYM_BH|PCAD_VISIBILITY,TRUE,0,17,LIN_FROM|LIN_TO,DWG extended entity data (EED),ROMANS.SHX,PCSG028669.02_Defoamer_and_biocide.pdf,embedded named endpoints; reconstruct from LIN_FROM and LIN_TO
Reference/PM03_PID/PCSG028674.02_Biocide and hypochloride/PCSG028674.02_Biocide and hypochloride.dwg,Reference/PM03_PID/PCSG028674.02_Biocide and hypochloride,PM03_PID,PCSG028674.02_Biocide and hypochloride.dwg,179215,9a0b2dd43607b1e970290407bb1ec83eb8f8c3146271654d4026058a4f926fe5,ok,,AC1032,33,,,,kai.kuoppa,,1961,1531,170,AcPp3d|PCAD-ELPOS-INFO|PCAD-POS-HEIGHT|PCAD-POS-INFO|PCAD-POS-INFO_|PCAD-SPELLING|PCAD-TAKY-INFO|PCAD-TAKY2-INFO|PCAD_1|PCAD_B|PCAD_HLIGHT|PCAD_POS2_INFO|PCAD_POS2_INFO_|PCAD_REF|PCAD_SYM_BH|PCAD_VISIBILITY,TRUE,0,9,LIN_FROM|LIN_TO,DWG extended entity data (EED),ROMANS.SHX,PCSG028674.02_Biocide and hypochloride.pdf,embedded named endpoints; reconstruct from LIN_FROM and LIN_TO
Reference/PM03_PID/PCSG028675.03_Biocide_and_hypochloride_dosing/PCSG028675.03_Biocide_and_hypochloride_dosing.dwg,Reference/PM03_PID/PCSG028675.03_Biocide_and_hypochloride_dosing,PM03_PID,PCSG028675.03_Biocide_and_hypochloride_dosing.dwg,202241,fca8684d31b4a37537aeb255e40688450748473402cac380b0f1b6a600c155e7,ok,,AC1032,33,,,,nina.niittykumpu,,2704,2167,240,AcPp3d|PCAD-ELPOS-INFO|PCAD-POS-HEIGHT|PCAD-POS-INFO|PCAD-POS-INFO_|PCAD-SPELLING|PCAD-TAKY-INFO|PCAD-TAKY2-INFO|PCAD_1|PCAD_B|PCAD_HLIGHT|PCAD_POS2_INFO|PCAD_POS2_INFO_|PCAD_REF|PCAD_SYM_BH|PCAD_VISIBILITY,TRUE,0,12,LIN_FROM|LIN_TO,DWG extended entity data (EED),isocp.shx|romans.shx,PCSG028675.03_Biocide_and_hypochloride_dosing.pdf,embedded named endpoints; reconstruct from LIN_FROM and LIN_TO
Reference/PM03_PID/PCSG028676.03_Micropolymer_and_wire_conditioning/PCSG028676.03_Micropolymer_and_wire_conditioning.dwg,Reference/PM03_PID/PCSG028676.03_Micropolymer_and_wire_conditioning,PM03_PID,PCSG028676.03_Micropolymer_and_wire_conditioning.dwg,231598,cf563c9cfc4eece10f79926f21f37f0a5dac1be2c1c3e8478bd6c5785029664a,ok,,AC1032,33,,,,nina.niittykumpu,,2871,2373,273,AcPp3d|PCAD-ELPOS-INFO|PCAD-ELPOS-INFO_|PCAD-POS-HEIGHT|PCAD-POS-INFO|PCAD-POS-INFO_|PCAD-SPELLING|PCAD-TAKY-INFO|PCAD-TAKY2-INFO|PCAD_1|PCAD_B|PCAD_HATCH|PCAD_HLIGHT|PCAD_INSTR_LINEB|PCAD_MLINES|PCAD_POS2_INFO|PCAD_POS2_INFO_|PCAD_REF|PCAD_SYM_BH|PCAD_VISIBILITY,TRUE,0,30,LIN_FROM|LIN_TO,DWG extended entity data (EED),ROMANS.SHX|amgdt.shx,PCSG028676.03_Micropolymer_and_wire_conditioning.pdf,embedded named endpoints; reconstruct from LIN_FROM and LIN_TO
Reference/PM03_PID/PCSG028677.03_Wire_and_felt_cleaning_agents/PCSG028677.03_Wire_and_felt_cleaning_agents.dwg,Reference/PM03_PID/PCSG028677.03_Wire_and_felt_cleaning_agents,PM03_PID,PCSG028677.03_Wire_and_felt_cleaning_agents.dwg,229235,a90d56eebf45486d471f0ed46f8613366603bc2e4a263f20cb328d3e7f985ab6,ok,,AC1032,33,,,,nina.niittykumpu,,2936,2433,277,AcPp3d|PCAD-ELPOS-INFO|PCAD-ELPOS-INFO_|PCAD-POS-HEIGHT|PCAD-POS-INFO|PCAD-POS-INFO_|PCAD-SPELLING|PCAD-TAKY-INFO|PCAD-TAKY2-INFO|PCAD_1|PCAD_B|PCAD_HATCH|PCAD_HLIGHT|PCAD_INSTR_LINEB|PCAD_MLINES|PCAD_POS2_INFO|PCAD_POS2_INFO_|PCAD_REF|PCAD_SYM_BH|PCAD_VISIBILITY,TRUE,0,23,LIN_FROM|LIN_TO,DWG extended entity data (EED),ROMANS.SHX|arial.ttf,PCSG028677.03_Wire_and_felt_cleaning_agents.pdf,embedded named endpoints; reconstruct from LIN_FROM and LIN_TO
Reference/PM03_PID/PCSG028678.03_Optisizer_hard_with_spray_supply_system (1)/PCSG028678.03_Optisizer_hard_with_spray_supply_system.dwg,Reference/PM03_PID/PCSG028678.03_Optisizer_hard_with_spray_supply_system (1),PM03_PID,PCSG028678.03_Optisizer_hard_with_spray_supply_system.dwg,477172,8006460397c346ff786b59f8e9dc3675a03b57e855063b1f16580870c62c43eb,ok,,AC1032,33,,,,nina.niittykumpu,,8470,7868,758,AcPp3d|PCAD-ELPOS-INFO|PCAD-POS-HEIGHT|PCAD-POS-INFO|PCAD-POS-INFO_|PCAD-SPELLING|PCAD-TAKY-INFO|PCAD-TAKY2-INFO|PCAD_1|PCAD_B|PCAD_HATCH|PCAD_HLIGHT|PCAD_POS2_INFO|PCAD_POS2_INFO_|PCAD_REF|PCAD_SYM_BH|PCAD_VISIBILITY,TRUE,0,134,LIN_FROM|LIN_TO,DWG extended entity data (EED),ROMANS.SHX|swissbo.ttf,PCSG028678.03_Optisizer_hard_with_spray_supply_system.pdf,embedded named endpoints; reconstruct from LIN_FROM and LIN_TO
Reference/PM03_PID/RAU6401403.03/RAU6401403_03_FLOW_DIAGRAM_OCPRO.dwg,Reference/PM03_PID/RAU6401403.03,PM03_PID,RAU6401403_03_FLOW_DIAGRAM_OCPRO.dwg,3427284,c89b492791cccb6c5bbd502d8c8e3031cc429d0e0c373378b28293220b176b93,ok,,AC1032,33,,,,jklohenoti,,69171,68258,1191,GENIUS_AMGTXT_16|GENIUS_GENHATCH_13|GENIUS_GENOBJ-N-HTC_13|GENIUS_GENOBJ-N-REC_13|GENIUS_GENODEF_13|GENIUS_GENREC_14|GENIUS_VERSION2,FALSE,0,0,,,,RAU6401403_03.pdf,XData present but no named endpoint schema; inspect registered apps and companion files
Reference/PM03_PID/RAU6401404.01 (1)/RAU6401404_01_FLOW_DIAGRAM_DOUBLEJET_TAIL_JET_P.dwg,Reference/PM03_PID/RAU6401404.01 (1),PM03_PID,RAU6401404_01_FLOW_DIAGRAM_DOUBLEJET_TAIL_JET_P.dwg,1037686,547aa5b37485bc3b560a2f6a8b60bc70463c275da66dc3b676e0b3ddf6e74efa,ok,,AC1032,33,,,,jklohenoti,,8290,7667,2632,GENIUS_AMGTXT_16|GENIUS_GENCEN_19|GENIUS_GENHATCH_13|GENIUS_GENOBJ-N-CEN_13|GENIUS_GENOBJ-N-HTC_13|GENIUS_GENOBJ-N-REC_13|GENIUS_GENOBJ-N-SDF_13|GENIUS_GENODEF_13|GENIUS_GENREC_14|GENIUS_GENSCREG_15|PCAD_MLINES|PCAD_SYM_BH,FALSE,0,0,,,,RAU6401404_01_FLOW_DIAGRAM_DOUBLEJET_TAIL_JET_P.pdf,XData present but no named endpoint schema; inspect registered apps and companion files
Reference/PM03_PID/RAU8F00290.10_Steam and Condensate (2)/RAU8F00290.10_Steam and Condensate.dwg,Reference/PM03_PID/RAU8F00290.10_Steam and Condensate (2),PM03_PID,RAU8F00290.10_Steam and Condensate.dwg,1912149,ca85d1bce3d4b2d1245d1235b2bfc4c104160657d2127f4068ff550c12b9c343,ok,,AC1032,33,,,,samuli.autio,,25884,24577,9472,AcPp3d|GENIUS_AMGTXT_16|PCAD-BRANCH|PCAD-ELPOS-INFO|PCAD-ELPOS-INFO_|PCAD-POS-HEIGHT|PCAD-POS-INFO|PCAD-POS-INFO_|PCAD-SPELLING|PCAD-TAKY-INFO|PCAD-TAKY2-INFO|PCAD_1|PCAD_1_R|PCAD_2|PCAD_A|PCAD_ARROWS|PCAD_B|PCAD_BRANCHES|PCAD_BRK|PCAD_B_|PCAD_FROM|PCAD_HATCH|PCAD_HLIGHT|PCAD_INSTR_LINEB|PCAD_MASTER|PCAD_MLINES|PCAD_POS2_INFO|PCAD_POS2_INFO_|PCAD_REF|PCAD_RUBBISH|PCAD_SYM_BH|PCAD_TO|PCAD_VIITTA|PCAD_VISIBILITY,TRUE,0,857,LIN_FROM|LIN_TO,DWG extended entity data (EED),,RAU8F00290.10_Steam and Condensate.pdf,embedded named endpoints; reconstruct from LIN_FROM and LIN_TO
Reference/PM03_PID/RAU8G02312.11 Shower Water system (1)/RAU8G02312.11 Shower Water system.dwg,Reference/PM03_PID/RAU8G02312.11 Shower Water system (1),PM03_PID,RAU8G02312.11 Shower Water system.dwg,1104334,934656e2d1e57d02fb6a8af3d3bbdceb8d8940d035023ec359481b6507ac644f,ok,,AC1032,33,,,,nina.niittykumpu,,18590,17514,6781,AcPp3d|GENIUS_GENOBJ-N-FIL_13|GENIUS_GENOBJ-N-REC_13|GENIUS_GENODEF_13|GENIUS_GENREC_14|PCAD-BRANCH|PCAD-ELPOS-INFO|PCAD-ELPOS-INFO_|PCAD-POS-HEIGHT|PCAD-POS-INFO|PCAD-POS-INFO_|PCAD-REDRAW|PCAD-SPELLING|PCAD-TAKY-INFO|PCAD-TAKY2-INFO|PCAD_1|PCAD_1_R|PCAD_2|PCAD_A|PCAD_ARROWS|PCAD_B|PCAD_BRANCHES|PCAD_BRK|PCAD_B_|PCAD_CV|PCAD_FAN_S1|PCAD_FROM|PCAD_HATCH|PCAD_HLIGHT|PCAD_INSTR_LINEB|PCAD_MASTER|PCAD_MLINES|PCAD_POS2_INFO|PCAD_POS2_INFO_|PCAD_REF|PCAD_RUBBISH|PCAD_SYM_BH|PCAD_TO|PCAD_VIITTA|PCAD_VISIBILITY,TRUE,0,446,LIN_FROM|LIN_TO,DWG extended entity data (EED),arial.ttf,RAU8G02312.11 Shower Water system.pdf,embedded named endpoints; reconstruct from LIN_FROM and LIN_TO
Reference/PM03_PID/RAU8G02313.11 Vacuum system (1)/RAU8G02313.11 Vacuum system.dwg,Reference/PM03_PID/RAU8G02313.11 Vacuum system (1),PM03_PID,RAU8G02313.11 Vacuum system.dwg,582930,8b231b7f8076a436ae520a60a77f4a58c4a92ccf682be30a7173bab952cc6a8a,ok,,AC1032,33,,,,nina.niittykumpu,,8417,7772,3574,AcPp3d|GENIUS_GENOBJ-N-REC_13|GENIUS_GENODEF_13|GENIUS_GENREC_14|PCAD-BRANCH|PCAD-ELPOS-INFO|PCAD-ELPOS-INFO_|PCAD-POS-HEIGHT|PCAD-POS-INFO|PCAD-POS-INFO_|PCAD-SPELLING|PCAD-TAKY-INFO|PCAD-TAKY2-INFO|PCAD_1|PCAD_2|PCAD_A|PCAD_ARROWS|PCAD_B|PCAD_BRANCHES|PCAD_BRK|PCAD_B_|PCAD_FROM|PCAD_HATCH|PCAD_HLIGHT|PCAD_INSTR_LINEB|PCAD_MASTER|PCAD_MLINES|PCAD_POS2_INFO|PCAD_POS2_INFO_|PCAD_REF|PCAD_RUBBISH|PCAD_SYM_BH|PCAD_TO|PCAD_VISIBILITY,TRUE,0,224,LIN_FROM|LIN_TO,DWG extended entity data (EED),ARIALN.TTF,RAU8G02313.11 Vacuum system.pdf,embedded named endpoints; reconstruct from LIN_FROM and LIN_TO
Reference/PM03_PID/RAU8G02314.09 Fresh and Cooling Water system (5)/RAU8G02314.09 Fresh and Cooling Water system.dwg,Reference/PM03_PID/RAU8G02314.09 Fresh and Cooling Water system (5),PM03_PID,RAU8G02314.09 Fresh and Cooling Water system.dwg,7770398,f39b32212c01cb09cc07217defe87a998b34020b5795457ce97ac1678e0f2538,ok,,AC1032,33,,,,nina.niittykumpu,,242142,240709,1574,AcPp3d|GENIUS_GEFWELD_13|GENIUS_GENCEN_19|GENIUS_GENFIL_13|GENIUS_GENHATCH_13|GENIUS_GENOBJ-F-WELS_13|GENIUS_GENOBJ-N-CEN_13|GENIUS_GENOBJ-N-CHA_13|GENIUS_GENOBJ-N-FIL_13|GENIUS_GENOBJ-N-HINW_13|GENIUS_GENOBJ-N-HTC_13|GENIUS_GENOBJ-N-REC_13|GENIUS_GENOBJ-N-RSSYM_13|GENIUS_GENOBJ-N-TIT_13|GENIUS_GENOBJ_13|GENIUS_GENODEF_13|GENIUS_GENOENT_13|GENIUS_GENOLIS_13|GENIUS_GENOREF_13|GENIUS_GENREC_14|GENIUS_GENSYMENT_13|GENIUS_GENTITLE_13|GENIUS_GENZVEED_13|PCAD-BRANCH|PCAD-ELPOS-INFO|PCAD-ELPOS-INFO_|PCAD-POS-HEIGHT|PCAD-POS-INFO|PCAD-POS-INFO_|PCAD-SPELLING|PCAD-TAKY-INFO|PCAD-TAKY2-INFO|PCAD_1|PCAD_2|PCAD_A|PCAD_ARROWS|PCAD_B|PCAD_BRANCHES|PCAD_BRK|PCAD_B_|PCAD_FROM|PCAD_HATCH|PCAD_HLIGHT|PCAD_INSTR_LINEB|PCAD_MASTER|PCAD_MLINES|PCAD_PL_DN|PCAD_POS2_INFO|PCAD_POS2_INFO_|PCAD_REF|PCAD_RUBBISH|PCAD_SYM_BH|PCAD_TO|PCAD_VIITTA|PCAD_VISIBILITY,TRUE,0,72,LIN_FROM|LIN_TO,DWG extended entity data (EED),ARIALN.TTF,RAU8G02314.09 Fresh and Cooling Water system.pdf,embedded named endpoints; reconstruct from LIN_FROM and LIN_TO
Reference/PM03_PID/RAU8G02315.10 Compressed Air system (1)/RAU8G02315.10 Compressed Air system.dwg,Reference/PM03_PID/RAU8G02315.10 Compressed Air system (1),PM03_PID,RAU8G02315.10 Compressed Air system.dwg,7721430,64d237aa8d18d666c9e53b47ab55f4f5010bcdaedd32a8510e9433294676a16c,ok,,AC1032,33,,,,nina.niittykumpu,,74303,73348,521,AcPp3d|GENIUS_GEFWELD_13|GENIUS_GENCEN_19|GENIUS_GENFIL_13|GENIUS_GENHATCH_13|GENIUS_GENOBJ-F-WELS_13|GENIUS_GENOBJ-N-CEN_13|GENIUS_GENOBJ-N-CHA_13|GENIUS_GENOBJ-N-FIL_13|GENIUS_GENOBJ-N-HINW_13|GENIUS_GENOBJ-N-HTC_13|GENIUS_GENOBJ-N-REC_13|GENIUS_GENOBJ-N-RSSYM_13|GENIUS_GENOBJ-N-TIT_13|GENIUS_GENOBJ_13|GENIUS_GENODEF_13|GENIUS_GENOENT_13|GENIUS_GENOLIS_13|GENIUS_GENOREF_13|GENIUS_GENREC_14|GENIUS_GENSYMENT_13|GENIUS_GENTITLE_13|GENIUS_GENZVEED_13|PCAD-ELPOS-INFO|PCAD-ELPOS-INFO_|PCAD-POS-HEIGHT|PCAD-POS-INFO|PCAD-POS-INFO_|PCAD-SPELLING|PCAD-TAKY-INFO|PCAD-TAKY2-INFO|PCAD_1|PCAD_2|PCAD_A|PCAD_ARROWS|PCAD_B|PCAD_BRK|PCAD_B_|PCAD_FROM|PCAD_HATCH|PCAD_HLIGHT|PCAD_INSTR_LINEB|PCAD_MLINES|PCAD_POS2_INFO|PCAD_POS2_INFO_|PCAD_REF|PCAD_RUBBISH|PCAD_SYM_BH|PCAD_TO|PCAD_VIITTA|PCAD_VISIBILITY,TRUE,0,15,LIN_FROM|LIN_TO,DWG extended entity data (EED),ARIALN.TTF,RAU8G02315.10 Compressed Air system.pdf,embedded named endpoints; reconstruct from LIN_FROM and LIN_TO
Reference/PM03_PID/RAU8G02316.10 Instrument Air (1)/RAU8G02316.10 Instrument Air.dwg,Reference/PM03_PID/RAU8G02316.10 Instrument Air (1),PM03_PID,RAU8G02316.10 Instrument Air.dwg,7706938,34f48d41b1575b5358be4047254ae0fdb22a1f9d28a93cff0bc2fd4cd62be755,ok,,AC1032,33,,,,nina.niittykumpu,,159633,158637,437,AcPp3d|GENIUS_GEFWELD_13|GENIUS_GENCEN_19|GENIUS_GENFIL_13|GENIUS_GENHATCH_13|GENIUS_GENOBJ-F-WELS_13|GENIUS_GENOBJ-N-CEN_13|GENIUS_GENOBJ-N-CHA_13|GENIUS_GENOBJ-N-FIL_13|GENIUS_GENOBJ-N-HINW_13|GENIUS_GENOBJ-N-HTC_13|GENIUS_GENOBJ-N-REC_13|GENIUS_GENOBJ-N-RSSYM_13|GENIUS_GENOBJ-N-TIT_13|GENIUS_GENOBJ_13|GENIUS_GENODEF_13|GENIUS_GENOENT_13|GENIUS_GENOLIS_13|GENIUS_GENOREF_13|GENIUS_GENREC_14|GENIUS_GENSYMENT_13|GENIUS_GENTITLE_13|GENIUS_GENZVEED_13|PCAD-ELPOS-INFO|PCAD-ELPOS-INFO_|PCAD-POS-HEIGHT|PCAD-POS-INFO|PCAD-POS-INFO_|PCAD-SPELLING|PCAD-TAKY-INFO|PCAD-TAKY2-INFO|PCAD_1|PCAD_2|PCAD_A|PCAD_ARROWS|PCAD_B|PCAD_BRK|PCAD_B_|PCAD_FROM|PCAD_HATCH|PCAD_HLIGHT|PCAD_INSTR_LINEB|PCAD_MLINES|PCAD_POS2_INFO|PCAD_POS2_INFO_|PCAD_REF|PCAD_RUBBISH|PCAD_SYM_BH|PCAD_TO|PCAD_VIITTA|PCAD_VISIBILITY,TRUE,0,13,LIN_FROM|LIN_TO,DWG extended entity data (EED),ARIALN.TTF,RAU8G02316.10 Instrument Air.pdf,embedded named endpoints; reconstruct from LIN_FROM and LIN_TO
Reference/PM03_PID/RAU8G02317.09 Sealing Water system (2)/RAU8G02317.09 Sealing Water system.dwg,Reference/PM03_PID/RAU8G02317.09 Sealing Water system (2),PM03_PID,RAU8G02317.09 Sealing Water system.dwg,7862951,7523c50c167051faa25c27af7fedca817e166728cf5a8866ca83caa066639964,ok,,AC1032,33,,,,nina.niittykumpu,,11997,11316,460,AcPp3d|GENIUS_GENOBJ-N-CEN_13|GENIUS_GENODEF_13|PCAD-ELPOS-INFO|PCAD-ELPOS-INFO_|PCAD-POS-HEIGHT|PCAD-POS-INFO|PCAD-POS-INFO_|PCAD-SPELLING|PCAD-TAKY-INFO|PCAD-TAKY2-INFO|PCAD_1|PCAD_2|PCAD_A|PCAD_ARROWS|PCAD_B|PCAD_BRK|PCAD_B_|PCAD_FROM|PCAD_HATCH|PCAD_HLIGHT|PCAD_INSTR_LINEB|PCAD_MLINES|PCAD_POS2_INFO|PCAD_POS2_INFO_|PCAD_REF|PCAD_RUBBISH|PCAD_SYM_BH|PCAD_TO|PCAD_VIITTA|PCAD_VISIBILITY,TRUE,0,15,LIN_FROM|LIN_TO,DWG extended entity data (EED),ARIALN.TTF,RAU8G02317.09 Sealing Water system.pdf,embedded named endpoints; reconstruct from LIN_FROM and LIN_TO
Reference/PM03_PID/RAU8G02327.09 Heating water (2)/RAU8G02327.09 Heating water.dwg,Reference/PM03_PID/RAU8G02327.09 Heating water (2),PM03_PID,RAU8G02327.09 Heating water.dwg,869226,f61f4380992df2d729e7a37e8f944f6697a0d9741f343d4a86920182c896642a,ok,,AC1032,33,,,,nina.niittykumpu,,14356,13786,7735,AcPp3d|PCAD-BRANCH|PCAD-ELPOS-INFO|PCAD-ELPOS-INFO_|PCAD-POS-HEIGHT|PCAD-POS-INFO|PCAD-POS-INFO_|PCAD-SPELLING|PCAD-TAKY-INFO|PCAD-TAKY2-INFO|PCAD_1|PCAD_A|PCAD_B|PCAD_BRK|PCAD_CHEM_LINE|PCAD_FROM|PCAD_HATCH|PCAD_HLIGHT|PCAD_INSTR_LINEB|PCAD_MLINES|PCAD_PL_DN|PCAD_POS2_INFO|PCAD_POS2_INFO_|PCAD_REF|PCAD_RUBBISH|PCAD_SYM_BH|PCAD_TO|PCAD_VIITTA|PCAD_VISIBILITY,TRUE,0,112,LIN_FROM|LIN_TO,DWG extended entity data (EED),arial.ttf,RAU8G02327.09 Heating water.pdf,embedded named endpoints; reconstruct from LIN_FROM and LIN_TO
Reference/PM03_PID/RAU8G02334.07 Connections Between Departments (1)/RAU8G02334.07 Connections Between Departments.dwg,Reference/PM03_PID/RAU8G02334.07 Connections Between Departments (1),PM03_PID,RAU8G02334.07 Connections Between Departments.dwg,155152,6a147054fd9b2b1aecb0a7649ca053363219056c6f220b362ac9827f0c4f39e4,ok,,AC1032,33,,,,nina.niittykumpu,,1424,1083,239,AcPp3d|PCAD-POS-INFO|PCAD-POS-INFO_|PCAD-TAKY-INFO|PCAD-TAKY2-INFO|PCAD_1|PCAD_1_R|PCAD_BRK|PCAD_FROM|PCAD_HLIGHT|PCAD_MLINES|PCAD_POS2_INFO|PCAD_POS2_INFO_|PCAD_RUBBISH|PCAD_SYM_BH|PCAD_TO|PCAD_VISIBILITY,TRUE,0,84,LIN_FROM|LIN_TO,DWG extended entity data (EED),ROMANS.SHX,RAU8G02334.07 Connections Between Departments.pdf,embedded named endpoints; reconstruct from LIN_FROM and LIN_TO
Reference/PM03_PID/RAU8G02456.00 Washing water utility pipe route/RAU8G02456.00 Washing water utility pipe route.dwg,Reference/PM03_PID/RAU8G02456.00 Washing water utility pipe route,PM03_PID,RAU8G02456.00 Washing water utility pipe route.dwg,7555149,18e5b86c8aeee2a94621099634d5b7eb6cb77990fb36150d503a1d9a9ea1549b,ok,,AC1032,33,,,,kaisa.leino,,38841,38186,271,GENIUS_GEFWELD_13|GENIUS_GENCEN_19|GENIUS_GENFIL_13|GENIUS_GENHATCH_13|GENIUS_GENOBJ-F-WELS_13|GENIUS_GENOBJ-N-CEN_13|GENIUS_GENOBJ-N-CHA_13|GENIUS_GENOBJ-N-FIL_13|GENIUS_GENOBJ-N-HINW_13|GENIUS_GENOBJ-N-HTC_13|GENIUS_GENOBJ-N-REC_13|GENIUS_GENOBJ-N-RSSYM_13|GENIUS_GENOBJ-N-TIT_13|GENIUS_GENOBJ_13|GENIUS_GENODEF_13|GENIUS_GENOENT_13|GENIUS_GENOLIS_13|GENIUS_GENOREF_13|GENIUS_GENREC_14|GENIUS_GENSYMENT_13|GENIUS_GENTITLE_13|GENIUS_GENZVEED_13|PCAD-ELPOS-INFO|PCAD-ELPOS-INFO_|PCAD-POS-HEIGHT|PCAD-POS-INFO|PCAD-POS-INFO_|PCAD-TAKY-INFO|PCAD-TAKY2-INFO|PCAD_HLIGHT|PCAD_POS2_INFO|PCAD_POS2_INFO_|PCAD_VISIBILITY,FALSE,0,0,,,ROMANS.SHX,RAU8G02456.00 Washing water utility pipe route.pdf,XData present but no named endpoint schema; inspect registered apps and companion files
Reference/PM03_PID/STOD206336.11 Stock Preparation and Mixing area (3)/STOD206336.11 Stock Preparation and Mixing area.dwg,Reference/PM03_PID/STOD206336.11 Stock Preparation and Mixing area (3),PM03_PID,STOD206336.11 Stock Preparation and Mixing area.dwg,618214,dd1426d80bf979c4cd7eca342f39faa85e4b2d742efa6835abbce57147620aa1,ok,,AC1032,33,,,,nina.niittykumpu,,7627,6807,3528,AcPp3d|GENIUS_GENOBJ-N-FIL_13|GENIUS_GENODEF_13|PCAD-BRANCH|PCAD-ELPOS-INFO|PCAD-ELPOS-INFO_|PCAD-POS-HEIGHT|PCAD-POS-INFO|PCAD-POS-INFO_|PCAD-REDRAW|PCAD-SPELLING|PCAD-TAKY-INFO|PCAD-TAKY2-INFO|PCAD_1|PCAD_1_R|PCAD_2|PCAD_A|PCAD_AGITATORS|PCAD_ARROWS|PCAD_B|PCAD_BRANCHES|PCAD_BRK|PCAD_B_|PCAD_FROM|PCAD_HATCH|PCAD_HLIGHT|PCAD_INSTR_LINEB|PCAD_INVERTER|PCAD_MASTER|PCAD_MLINES|PCAD_PL_DN|PCAD_POS2_INFO|PCAD_POS2_INFO_|PCAD_REF|PCAD_RUBBISH|PCAD_SYM_BH|PCAD_TO|PCAD_VIITTA|PCAD_VISIBILITY,TRUE,0,150,LIN_FROM|LIN_TO,DWG extended entity data (EED),ARIALN.TTF,STOD206336.11 Stock Preparation and Mixing area.pdf,embedded named endpoints; reconstruct from LIN_FROM and LIN_TO
Reference/PM03_PID/STOD206337.11 Approach Flow System (2)/STOD206337.11 Approach Flow System.dwg,Reference/PM03_PID/STOD206337.11 Approach Flow System (2),PM03_PID,STOD206337.11 Approach Flow System.dwg,633407,a8c6ff51039ea15a6a03ed36541d0c9ccd52a18bf2714049726f9a131b5f5c71,ok,,AC1032,33,,,,nina.niittykumpu,,8684,7815,3372,AcPp3d|GENIUS_GENOBJ-N-FIL_13|GENIUS_GENODEF_13|PCAD-BRANCH|PCAD-ELPOS-INFO|PCAD-ELPOS-INFO_|PCAD-POS-HEIGHT|PCAD-POS-INFO|PCAD-POS-INFO_|PCAD-REDRAW|PCAD-SPELLING|PCAD-TAKY-INFO|PCAD-TAKY2-INFO|PCAD_1|PCAD_1_R|PCAD_2|PCAD_A|PCAD_ARROWS|PCAD_B|PCAD_BRANCHES|PCAD_BRK|PCAD_B_|PCAD_FROM|PCAD_HATCH|PCAD_HLIGHT|PCAD_INSTR_LINEB|PCAD_INVERTER|PCAD_MASTER|PCAD_MLINES|PCAD_PL_DN|PCAD_POS2_INFO|PCAD_POS2_INFO_|PCAD_REF|PCAD_RUBBISH|PCAD_SYM_BH|PCAD_TO|PCAD_VIITTA|PCAD_VISIBILITY,TRUE,0,118,LIN_FROM|LIN_TO,DWG extended entity data (EED),arial.ttf,STOD206337.11 Approach Flow System.pdf,embedded named endpoints; reconstruct from LIN_FROM and LIN_TO
Reference/PM03_PID/STOD206338.11_White Water system (1)/STOD206338.11_White Water system.dwg,Reference/PM03_PID/STOD206338.11_White Water system (1),PM03_PID,STOD206338.11_White Water system.dwg,467112,709f58439f68a3deca436a18e7a9540ee253a20b017a77e9ca583526414dd5da,ok,,AC1032,33,White water system,,,jani.linden,,4929,4060,2013,AcPp3d|PCAD-BRANCH|PCAD-ELPOS-INFO|PCAD-ELPOS-INFO_|PCAD-POS-HEIGHT|PCAD-POS-INFO|PCAD-POS-INFO_|PCAD-SPELLING|PCAD-TAKY-INFO|PCAD-TAKY2-INFO|PCAD_1|PCAD_2|PCAD_A|PCAD_AGITATORS|PCAD_ALMA1|PCAD_ARROWS|PCAD_B|PCAD_BRANCHES|PCAD_BRK|PCAD_B_|PCAD_FROM|PCAD_HATCH|PCAD_HLIGHT|PCAD_INSTR_LINEB|PCAD_MASTER|PCAD_MLINES|PCAD_POS2_INFO|PCAD_POS2_INFO_|PCAD_REF|PCAD_RUBBISH|PCAD_SYM_BH|PCAD_TO|PCAD_VIITTA|PCAD_VISIBILITY,TRUE,0,101,LIN_FROM|LIN_TO,DWG extended entity data (EED),ARIALN.TTF,STOD206338.11_White Water system.pdf,embedded named endpoints; reconstruct from LIN_FROM and LIN_TO
Reference/PM03_PID/STOD206339.10 Broke System (3)/STOD206339.10 Broke System.dwg,Reference/PM03_PID/STOD206339.10 Broke System (3),PM03_PID,STOD206339.10 Broke System.dwg,797994,e65ec6957fd0629003410f13edbf493c0b76c928c1279f3fdef199b31bc6537e,ok,,AC1032,33,,,,nina.niittykumpu,,11376,10442,4810,AcPp3d|GENIUS_GENBH_13|GENIUS_GENFIL_13|GENIUS_GENOBJ-N-CHA_13|GENIUS_GENOBJ-N-FIL_13|GENIUS_GENOBJ-N-REC_13|GENIUS_GENODEF_13|GENIUS_GENOREF_13|GENIUS_GENREC_14|PCAD-BRANCH|PCAD-ELPOS-INFO|PCAD-ELPOS-INFO_|PCAD-POS-HEIGHT|PCAD-POS-INFO|PCAD-POS-INFO_|PCAD-SPELLING|PCAD-TAKY-INFO|PCAD-TAKY2-INFO|PCAD_1|PCAD_2|PCAD_A|PCAD_AGITATORS|PCAD_ARROWS|PCAD_B|PCAD_BRANCHES|PCAD_BRK|PCAD_B_|PCAD_FROM|PCAD_HATCH|PCAD_HLIGHT|PCAD_INSTR_LINEB|PCAD_MASTER|PCAD_MLINES|PCAD_POS2_INFO|PCAD_POS2_INFO_|PCAD_REF|PCAD_RUBBISH|PCAD_SYM_BH|PCAD_TO|PCAD_VIITTA|PCAD_VISIBILITY,TRUE,0,215,LIN_FROM|LIN_TO,DWG extended entity data (EED),ARIALN.TTF,STOD206339.10 Broke System.pdf,embedded named endpoints; reconstruct from LIN_FROM and LIN_TO
Reference/TM01_PID/Code 03/DWG/GORA68210.05_Code 03 - P&ID AirCap_SWE Shotton_CE.dwg,Reference/TM01_PID/Code 03/DWG,TM01_PID,GORA68210.05_Code 03 - P&ID AirCap_SWE Shotton_CE.dwg,537832,0406fe45c8d0e83dfc4da770f0fc25301b946602b10d4d370b6500d62b783312,ok,,AC1024,33,,,,gorceschma,,7550,6965,959,GENIUS_AMGTXT_16|GENIUS_GE3MANIP_13|GENIUS_GENBLLY_14|GENIUS_GENCFG0_13|GENIUS_GENCFG1_13|GENIUS_GENCFG2_13|GENIUS_GENCFG3_13|GENIUS_GENCFG4_13|GENIUS_GENCFG_13|GENIUS_GENDIMSH_14|GENIUS_GENOBJ-N-CRS_13|GENIUS_GENOBJ-N-LIB_13|GENIUS_GENOBJ-N-REC_13|GENIUS_GENOBJ-N-RSBK_13|GENIUS_GENOBJ-N-SDF_13|GENIUS_GENOBJ-N-TIT_13|GENIUS_GENODEF_13|GENIUS_GENOENT_13|GENIUS_GENOLIS_13|GENIUS_GENOREF_13|GENIUS_GENREC_14|GENIUS_GENSCALE_13|GENIUS_GENSCREG_15|GENIUS_GENTITLE_13|GENIUS_GENTRA_14|IDOK_INSTRUMENT|IDOK_LAYOUT|IDOK_LAYOUT_2|IDOK_PROCESS_1|IDOK_PROCESS_2|IDOK_PROCESS_BIN|IDOK_PROCESS_BIN2|IDOK_PROCESS_FL|IDOK_SKALA,FALSE,0,0,,,,,XData present but no named endpoint schema; inspect registered apps and companion files
Reference/TM01_PID/Code 03/DWG/GORA68211.03_Code 03 - P&Id Adv ReDry_SWE Shotton_CE.dwg,Reference/TM01_PID/Code 03/DWG,TM01_PID,GORA68211.03_Code 03 - P&Id Adv ReDry_SWE Shotton_CE.dwg,440132,7628a564415b198ec985c18034bcc9ad6d64ea2fc70545920999ec5b09b10697,ok,,AC1024,33,,,,gorceschma,,4757,4152,993,GENIUS_AMGTXT_16|GENIUS_GE3MANIP_13|GENIUS_GENBLLY_14|GENIUS_GENCFG0_13|GENIUS_GENCFG1_13|GENIUS_GENCFG2_13|GENIUS_GENCFG3_13|GENIUS_GENCFG4_13|GENIUS_GENCFG_13|GENIUS_GENDIMSH_14|GENIUS_GENOBJ-N-CRS_13|GENIUS_GENOBJ-N-LIB_13|GENIUS_GENOBJ-N-REC_13|GENIUS_GENOBJ-N-RSBK_13|GENIUS_GENOBJ-N-SDF_13|GENIUS_GENOBJ-N-TIT_13|GENIUS_GENODEF_13|GENIUS_GENOENT_13|GENIUS_GENOLIS_13|GENIUS_GENOREF_13|GENIUS_GENREC_14|GENIUS_GENSCALE_13|GENIUS_GENSCREG_15|GENIUS_GENTITLE_13|GENIUS_GENTRA_14|GENIUS_VERSION2|IDOK_INSTRUMENT|IDOK_LAYOUT|IDOK_LAYOUT_2|IDOK_PROCESS_1|IDOK_PROCESS_2|IDOK_PROCESS_BIN|IDOK_PROCESS_BIN2|IDOK_PROCESS_FL|IDOK_SKALA,FALSE,0,0,,,,,XData present but no named endpoint schema; inspect registered apps and companion files
Reference/TM01_PID/Code 03/DWG/GORA68212.04_Code 03 - P&ID Heat Recoveries_SWE Shotton_CE.dwg,Reference/TM01_PID/Code 03/DWG,TM01_PID,GORA68212.04_Code 03 - P&ID Heat Recoveries_SWE Shotton_CE.dwg,423645,d99f473dc0b71746272857dca7d7e87c0448325736c7503749438b08bb211bc3,ok,,AC1024,33,,,,gorceschma,,4316,3630,906,GENIUS_GE3MANIP_13|GENIUS_GENBLLY_14|GENIUS_GENCFG0_13|GENIUS_GENCFG1_13|GENIUS_GENCFG2_13|GENIUS_GENCFG3_13|GENIUS_GENCFG4_13|GENIUS_GENCFG_13|GENIUS_GENDIMSH_14|GENIUS_GENHATCH_13|GENIUS_GENOBJ-N-CRS_13|GENIUS_GENOBJ-N-HTC_13|GENIUS_GENOBJ-N-LIB_13|GENIUS_GENOBJ-N-REC_13|GENIUS_GENOBJ-N-RSBK_13|GENIUS_GENOBJ-N-SDF_13|GENIUS_GENOBJ-N-TIT_13|GENIUS_GENODEF_13|GENIUS_GENOENT_13|GENIUS_GENOLIS_13|GENIUS_GENOREF_13|GENIUS_GENREC_14|GENIUS_GENSCALE_13|GENIUS_GENSCREG_15|GENIUS_GENTITLE_13|GENIUS_GENTRA_14|GENIUS_VERSION2|IDOK_INSTRUMENT|IDOK_LAYOUT|IDOK_LAYOUT_2|IDOK_PROCESS_1|IDOK_PROCESS_2|IDOK_PROCESS_BIN|IDOK_PROCESS_BIN2|IDOK_PROCESS_FL|IDOK_SKALA,FALSE,0,0,,,,,XData present but no named endpoint schema; inspect registered apps and companion files
Reference/TM01_PID/Code 12/DWG/KSDM160104102_04_SH01_Bale handling_C.dwg,Reference/TM01_PID/Code 12/DWG,TM01_PID,KSDM160104102_04_SH01_Bale handling_C.dwg,325932,fa68a08309dbc4a77eceb88c8fc77d366b8a29ae19330182b6adee017861d9f7,ok,,AC1024,33,,,,ksdwenzhec,,69,40,4,,FALSE,0,0,,,,,XData present but no named endpoint schema; inspect registered apps and companion files
Reference/TM01_PID/Code 12/DWG/KSDM160104102_07_SH03_Soft and hardwood line_C.dwg,Reference/TM01_PID/Code 12/DWG,TM01_PID,KSDM160104102_07_SH03_Soft and hardwood line_C.dwg,862239,3d7e005a451ab0f34006df4c97c5d15e8080f97cd6f0fb1c10cd72727ccd1fbf,ok,,AC1024,33,,,,ksdwenzhec,,31,23,0,,FALSE,0,0,,,,,no semantic connectivity detected; infer from geometry or external source
Reference/TM01_PID/Code 12/DWG/KSDM160104102_07_SH05_Thick stock screening_C.dwg,Reference/TM01_PID/Code 12/DWG,TM01_PID,KSDM160104102_07_SH05_Thick stock screening_C.dwg,632047,5353261236b2d6b65b9acba6a41d36ca77490cb2b461c281036f83de0f1d1d8b,ok,,AC1024,33,,,,ksdwenzhec,,17,16,1,,FALSE,0,0,,,,,XData present but no named endpoint schema; inspect registered apps and companion files
Reference/TM01_PID/Code 12/DWG/KSDM160104102_07_SH06_Approach system_C.dwg,Reference/TM01_PID/Code 12/DWG,TM01_PID,KSDM160104102_07_SH06_Approach system_C.dwg,568500,ffa51586cd2c0dcc4d48aa34ec83289f04cc92f111c4b28390fae99b938f8fc5,ok,,AC1024,33,,,,ksdwenzhec,,170,124,6,,FALSE,0,0,,,,,XData present but no named endpoint schema; inspect registered apps and companion files
Reference/TM01_PID/Code 12/DWG/KSDM160104102_07_SH07_Machine broke pulper system_C.dwg,Reference/TM01_PID/Code 12/DWG,TM01_PID,KSDM160104102_07_SH07_Machine broke pulper system_C.dwg,374853,fa47351c295aab7bb961dd94de6e3338238795c0690b597e9da040e5a3b309de,ok,,AC1024,33,,,,ksdwenzhec,,60,52,1,,FALSE,0,0,,,,,XData present but no named endpoint schema; inspect registered apps and companion files
Reference/TM01_PID/Code 12/DWG/KSDM160104102_07_SH09_Internal broke system_C.dwg,Reference/TM01_PID/Code 12/DWG,TM01_PID,KSDM160104102_07_SH09_Internal broke system_C.dwg,1104969,bda98efdab5a09b3ed756055365632f2be60d542ad57d0d04eab386c2082447b,ok,,AC1024,33,,,,ksdwenzhec,,91,61,8,,FALSE,0,0,,,,,XData present but no named endpoint schema; inspect registered apps and companion files
Reference/TM01_PID/Code 12/DWG/KSDM160104102_08_SH02_SW_HW Dissolving system_C.dwg,Reference/TM01_PID/Code 12/DWG,TM01_PID,KSDM160104102_08_SH02_SW_HW Dissolving system_C.dwg,335643,2284775364134eab70f4a42f392c0f09e4584d230b9218d4309b666c28fc1e10,ok,,AC1024,33,,,,ksdwenzhec,,104,66,4,,FALSE,0,0,,,,,XData present but no named endpoint schema; inspect registered apps and companion files
Reference/TM01_PID/Code 12/DWG/KSDM160104102_09_SH04_Mixing system_C.dwg,Reference/TM01_PID/Code 12/DWG,TM01_PID,KSDM160104102_09_SH04_Mixing system_C.dwg,346550,df07a7770e33da3f32519a081b2d570cca8bf14020de76c8593980b4e230f6ef,ok,,AC1024,33,,,,ksdwenzhec,,12,11,0,,FALSE,0,0,,,,,no semantic connectivity detected; infer from geometry or external source
Reference/TM01_PID/Code 12/DWG/KSDM160104102_09_SH08_Converting broke pulper_C.dwg,Reference/TM01_PID/Code 12/DWG,TM01_PID,KSDM160104102_09_SH08_Converting broke pulper_C.dwg,1135642,af5ebb626151348dd0a107f7efb3135f555866ca79a803e5e40b2b1412e8f2ce,ok,,AC1024,33,,,,ksdwenzhec,,190,78,0,,FALSE,0,0,,,,,no semantic connectivity detected; infer from geometry or external source
Reference/TM01_PID/Code 12/DWG/KSDM160104103_05_SH01_White water system_C.dwg,Reference/TM01_PID/Code 12/DWG,TM01_PID,KSDM160104103_05_SH01_White water system_C.dwg,854997,e457ba8a3128256a89c778ca55eb75b47e6bc75cb3dc9ee037da457b3c035fec,ok,,AC1024,33,,,,ksdwenzhec,,32,25,3,,FALSE,0,0,,,,,XData present but no named endpoint schema; inspect registered apps and companion files
Reference/TM01_PID/Code 12/DWG/KSDM160104103_08_SH04_White water system_C.dwg,Reference/TM01_PID/Code 12/DWG,TM01_PID,KSDM160104103_08_SH04_White water system_C.dwg,1686666,adf15d7a4b1599a3e364a216c8f85499b05184112cf513bde74137d68e08eafd,ok,,AC1024,33,,,,ksdwenzhec,,32,22,1,,FALSE,0,0,,,,,XData present but no named endpoint schema; inspect registered apps and companion files
Reference/TM01_PID/Code 12/DWG/KSDM160104103_09_SH02_White water system_C.dwg,Reference/TM01_PID/Code 12/DWG,TM01_PID,KSDM160104103_09_SH02_White water system_C.dwg,1177098,23d0b51c86aea2d8d4a77f222ff5ef31a1a715879c179f13cb2345e6e8ffb66f,ok,,AC1024,33,,,,ksdwenzhec,,32,23,1,,FALSE,0,0,,,,,XData present but no named endpoint schema; inspect registered apps and companion files
Reference/TM01_PID/Code 12/DWG/KSDM160104103_09_SH03_White water system_C.dwg,Reference/TM01_PID/Code 12/DWG,TM01_PID,KSDM160104103_09_SH03_White water system_C.dwg,1055476,ccd5c26a93445b0eacfeac75aab699ef11edcf17fb56a7c773118984a13dacee,ok,,AC1024,33,,,,ksdwenzhec,,27,22,2,,FALSE,0,0,,,,,XData present but no named endpoint schema; inspect registered apps and companion files
Reference/TM01_PID/Code 12/DWG/KSDM160104104_06_SH01_Shower water system_C.dwg,Reference/TM01_PID/Code 12/DWG,TM01_PID,KSDM160104104_06_SH01_Shower water system_C.dwg,2137305,8208026e8cdfdebe2de82f58e7206965a3d966c154750fa5a1f4b665c1a90504,ok,,AC1024,33,,,,ksdwenzhec,,30845,30010,6484,GENIUS_GENCEN_19|GENIUS_GENCRC_14|GENIUS_GENFIL_13|GENIUS_GENHATCH_13|GENIUS_GENOBJ-N-CEN_13|GENIUS_GENOBJ-N-CHA_13|GENIUS_GENOBJ-N-CRC_13|GENIUS_GENOBJ-N-CRS_13|GENIUS_GENOBJ-N-FIL_13|GENIUS_GENOBJ-N-HTC_13|GENIUS_GENOBJ-N-REC_13|GENIUS_GENODEF_13|GENIUS_GENOENT_13|GENIUS_GENOLIS_13|GENIUS_GENOREF_13|GENIUS_GENREC_14|GENIUS_VERSION2|IDOK_INSTRUMENT|IDOK_LAYOUT|IDOK_LAYOUT_2|IDOK_PROCESS_1|IDOK_PROCESS_2|IDOK_PROCESS_BIN|IDOK_PROCESS_BIN2|IDOK_PROCESS_FL|IDOK_SKALA,FALSE,0,0,,,,,XData present but no named endpoint schema; inspect registered apps and companion files
Reference/TM01_PID/Code 12/DWG/KSDM160104105_05_SH03_Fresh water system_C.dwg,Reference/TM01_PID/Code 12/DWG,TM01_PID,KSDM160104105_05_SH03_Fresh water system_C.dwg,278842,e0e6f969735c5c29b5674e11dd5bc9f31da863e8e0609b026d3e06265a54acd7,ok,,AC1024,33,,,,ksdwenzhec,,73,63,4,,FALSE,0,0,,,,,XData present but no named endpoint schema; inspect registered apps and companion files
Reference/TM01_PID/Code 12/DWG/KSDM160104105_06_SH01_Fresh water system_C.dwg,Reference/TM01_PID/Code 12/DWG,TM01_PID,KSDM160104105_06_SH01_Fresh water system_C.dwg,362048,aa82bcf947cbbd738a58e70ffce028f8914cf2590cd5a6ff378cedf0fe5512da,ok,,AC1024,33,,,,ksdwenzhec,,11,11,1,,FALSE,0,0,,,,,XData present but no named endpoint schema; inspect registered apps and companion files
Reference/TM01_PID/Code 12/DWG/KSDM160104105_06_SH02_Fresh water system_C.dwg,Reference/TM01_PID/Code 12/DWG,TM01_PID,KSDM160104105_06_SH02_Fresh water system_C.dwg,1112840,076e938f654475e22ddd442c08ba6c6538ff0ec1b6751027760a9a01fcf6a56e,ok,,AC1024,33,,,,ksdwenzhec,,61,48,3,,FALSE,0,0,,,,,XData present but no named endpoint schema; inspect registered apps and companion files
Reference/TM01_PID/Code 12/DWG/KSDM160104106_08_SH01_Vacuum system_C.dwg,Reference/TM01_PID/Code 12/DWG,TM01_PID,KSDM160104106_08_SH01_Vacuum system_C.dwg,308024,cf490ed8eede92a144eb7311c6878f71ded0a7b624669b01eda304e5e8c84e2f,ok,,AC1024,33,,,,ksdwenzhec,,142,81,26,,FALSE,0,0,,,,,XData present but no named endpoint schema; inspect registered apps and companion files
Reference/TM01_PID/Code 12/DWG/KSDM160104107_09_SH01_Steam and condensate system_C.dwg,Reference/TM01_PID/Code 12/DWG,TM01_PID,KSDM160104107_09_SH01_Steam and condensate system_C.dwg,1994814,b3846013e17a249f61523791c14c91ec6bc0a5bb6e9259a1eaed737f90ac2820,ok,,AC1032,33,,,,ksdwenzhec,,26293,25579,3868,GENIUS_VERSION2|IDOK_INSTRUMENT|IDOK_LAYOUT|IDOK_LAYOUT_2|IDOK_PROCESS_1|IDOK_PROCESS_2|IDOK_PROCESS_BIN|IDOK_PROCESS_BIN2|IDOK_PROCESS_FL|IDOK_SKALA,FALSE,0,0,,,,,XData present but no named endpoint schema; inspect registered apps and companion files
Reference/TM01_PID/Code 12/DWG/KSDM160104108_06_SH01_Mill air system_C.dwg,Reference/TM01_PID/Code 12/DWG,TM01_PID,KSDM160104108_06_SH01_Mill air system_C.dwg,477330,4eb726dce6911b568273c8455a5896e8ca5a967520e7c97f548680947ce94536,ok,,AC1032,33,,,,ksdwenzhec,,82,48,2,,FALSE,0,0,,,,,XData present but no named endpoint schema; inspect registered apps and companion files
Reference/TM01_PID/Code 12/DWG/KSDM160104110_08_SH01_Internal effluent treatment_C.dwg,Reference/TM01_PID/Code 12/DWG,TM01_PID,KSDM160104110_08_SH01_Internal effluent treatment_C.dwg,1266791,0273694220ae9e31a573c0cfc21f43cd120d0062b964773b98f3dc289f7a034c,ok,,AC1024,33,,,,ksdwenzhec,,201,84,1,,FALSE,0,0,,,,,XData present but no named endpoint schema; inspect registered apps and companion files
Reference/TM01_PID/Code 12/DWG/KSDM160104111_06_SH01_Process ventilation_C.dwg,Reference/TM01_PID/Code 12/DWG,TM01_PID,KSDM160104111_06_SH01_Process ventilation_C.dwg,382803,0efd6120caf058670c005a58d0a398a610fa7f5c209d4a7346d2e0dbce05058a,ok,,AC1024,33,,,,ksdwenzhec,,51,41,3,,FALSE,0,0,,,,,XData present but no named endpoint schema; inspect registered apps and companion files
Reference/TM01_PID/Code 12/DWG/KSDM160104112_05_SH01_Sealing water system_C.dwg,Reference/TM01_PID/Code 12/DWG,TM01_PID,KSDM160104112_05_SH01_Sealing water system_C.dwg,345332,618479cae229909050d5a7b42ebd6860dc03bf28615fbd2d5a9bf2ab84861021,ok,,AC1024,33,,,,ksdwenzhec,,71,42,3,,FALSE,0,0,,,,,XData present but no named endpoint schema; inspect registered apps and companion files
Reference/TM01_PID/Code 13/DWG/GORA68208.04_Code 13 - P&Id Mist Removal_SWE Shotton_CE.dwg,Reference/TM01_PID/Code 13/DWG,TM01_PID,GORA68208.04_Code 13 - P&Id Mist Removal_SWE Shotton_CE.dwg,370925,c7e191d6c5affd65124e565563732f0f9891cc16beeb024574677d93e3a63487,ok,,AC1024,33,,,,gorceschma,,3705,3130,897,GENIUS_AMGTXT_16|GENIUS_GE3MANIP_13|GENIUS_GENBLLY_14|GENIUS_GENCFG0_13|GENIUS_GENCFG1_13|GENIUS_GENCFG2_13|GENIUS_GENCFG3_13|GENIUS_GENCFG4_13|GENIUS_GENCFG_13|GENIUS_GENDIMSH_14|GENIUS_GENOBJ-N-CRS_13|GENIUS_GENOBJ-N-LIB_13|GENIUS_GENOBJ-N-REC_13|GENIUS_GENOBJ-N-RSBK_13|GENIUS_GENOBJ-N-SDF_13|GENIUS_GENOBJ-N-TIT_13|GENIUS_GENODEF_13|GENIUS_GENOENT_13|GENIUS_GENOLIS_13|GENIUS_GENOREF_13|GENIUS_GENREC_14|GENIUS_GENSCALE_13|GENIUS_GENSCREG_15|GENIUS_GENTITLE_13|GENIUS_GENTRA_14|GENIUS_VERSION2|IDOK_INSTRUMENT|IDOK_LAYOUT|IDOK_LAYOUT_2|IDOK_PROCESS_1|IDOK_PROCESS_2|IDOK_PROCESS_BIN|IDOK_PROCESS_BIN2|IDOK_PROCESS_FL|IDOK_SKALA,FALSE,0,0,,,,,XData present but no named endpoint schema; inspect registered apps and companion files
Reference/TM01_PID/Code 13/DWG/GORA68209.03_Code 13 - P&ID AdvWetDust_SWE Shotton_CE.dwg,Reference/TM01_PID/Code 13/DWG,TM01_PID,GORA68209.03_Code 13 - P&ID AdvWetDust_SWE Shotton_CE.dwg,352037,e9fb11b1a32624fe0e2391cf4898e423e2c25f5649e502cd8467c8efa2dc8165,ok,,AC1024,33,,,,gorceschma,,3833,3339,879,GENIUS_GE3MANIP_13|GENIUS_GENCFG0_13|GENIUS_GENCFG1_13|GENIUS_GENCFG2_13|GENIUS_GENCFG3_13|GENIUS_GENCFG4_13|GENIUS_GENCFG_13|GENIUS_GENDIMSH_14|GENIUS_GENOBJ-N-CRS_13|GENIUS_GENOBJ-N-LIB_13|GENIUS_GENOBJ-N-REC_13|GENIUS_GENOBJ-N-RSBK_13|GENIUS_GENOBJ-N-SDF_13|GENIUS_GENODEF_13|GENIUS_GENOENT_13|GENIUS_GENOLIS_13|GENIUS_GENOREF_13|GENIUS_GENREC_14|GENIUS_GENSCALE_13|GENIUS_GENSCREG_15|IDOK_INSTRUMENT|IDOK_LAYOUT|IDOK_LAYOUT_2|IDOK_PROCESS_1|IDOK_PROCESS_2|IDOK_PROCESS_BIN|IDOK_PROCESS_BIN2|IDOK_PROCESS_FL|IDOK_SKALA,FALSE,0,0,,,,,XData present but no named endpoint schema; inspect registered apps and companion files
Reference/TM01_PID/Code 13/DWG/GORB18781.02_Code 13 - P&ID Active AirFoil_SWE Shotton_CE.dwg,Reference/TM01_PID/Code 13/DWG,TM01_PID,GORB18781.02_Code 13 - P&ID Active AirFoil_SWE Shotton_CE.dwg,335734,ab8fbc7b9bb5de8497892bad4361986f098c47e2e509b0c2b603651207893c12,ok,,AC1024,33,,,,gorceschma,,3080,2631,887,GENIUS_GE3MANIP_13|GENIUS_GENCFG0_13|GENIUS_GENCFG1_13|GENIUS_GENCFG2_13|GENIUS_GENCFG3_13|GENIUS_GENCFG4_13|GENIUS_GENCFG_13|GENIUS_GENDIMSH_14|GENIUS_GENOBJ-N-CRS_13|GENIUS_GENOBJ-N-LIB_13|GENIUS_GENOBJ-N-REC_13|GENIUS_GENOBJ-N-RSBK_13|GENIUS_GENOBJ-N-SDF_13|GENIUS_GENODEF_13|GENIUS_GENOENT_13|GENIUS_GENOLIS_13|GENIUS_GENOREF_13|GENIUS_GENREC_14|GENIUS_GENSCALE_13|GENIUS_GENSCREG_15|IDOK_INSTRUMENT|IDOK_LAYOUT|IDOK_LAYOUT_2|IDOK_PROCESS_1|IDOK_PROCESS_2|IDOK_PROCESS_BIN|IDOK_PROCESS_BIN2|IDOK_PROCESS_FL|IDOK_SKALA,FALSE,0,0,,,,,XData present but no named endpoint schema; inspect registered apps and companion files
Reference/TM01_PID/Code 13/DWG/GORB18782.02_Code 13 - P&ID QCS - WIS_SWE Shotton_CE.dwg,Reference/TM01_PID/Code 13/DWG,TM01_PID,GORB18782.02_Code 13 - P&ID QCS - WIS_SWE Shotton_CE.dwg,296069,ac98b2430a35cf1abe8e88a3f0122653d86512a579ae7260a086375842f66bee,ok,,AC1024,33,,,,gorceschma,,2067,1611,877,GENIUS_GE3MANIP_13|GENIUS_GENCFG0_13|GENIUS_GENCFG1_13|GENIUS_GENCFG2_13|GENIUS_GENCFG3_13|GENIUS_GENCFG4_13|GENIUS_GENCFG_13|GENIUS_GENDIMSH_14|GENIUS_GENOBJ-N-CRS_13|GENIUS_GENOBJ-N-LIB_13|GENIUS_GENOBJ-N-REC_13|GENIUS_GENOBJ-N-RSBK_13|GENIUS_GENOBJ-N-SDF_13|GENIUS_GENODEF_13|GENIUS_GENOENT_13|GENIUS_GENOLIS_13|GENIUS_GENOREF_13|GENIUS_GENREC_14|GENIUS_GENSCALE_13|GENIUS_GENSCREG_15|IDOK_INSTRUMENT|IDOK_LAYOUT|IDOK_LAYOUT_2|IDOK_PROCESS_1|IDOK_PROCESS_2|IDOK_PROCESS_BIN|IDOK_PROCESS_BIN2|IDOK_PROCESS_FL|IDOK_SKALA,FALSE,0,0,,,,,XData present but no named endpoint schema; inspect registered apps and companion files
Reference/TM01_PID/Code 14/DWG/GORA68213.05_Code 14 - P&ID MHV Heat recovery_SWE Shotton_CE.dwg,Reference/TM01_PID/Code 14/DWG,TM01_PID,GORA68213.05_Code 14 - P&ID MHV Heat recovery_SWE Shotton_CE.dwg,663998,875cbca27c4ace0dbc2bb87fd6de38aaf1d020d1a29f65a624b5f3e78c061ffc,ok,,AC1024,33,,,,gorceschma,,9893,9270,1661,GENIUS_AMGTXT_16|GENIUS_GE3MANIP_13|GENIUS_GEFCFG0_13|GENIUS_GEGCFG0_13|GENIUS_GENBH_13|GENIUS_GENBLKED_14|GENIUS_GENBLLY_14|GENIUS_GENCFG0_13|GENIUS_GENCFG1_13|GENIUS_GENCFG2_13|GENIUS_GENCFG3_13|GENIUS_GENCFG4_13|GENIUS_GENCFG_13|GENIUS_GENDIMSH_14|GENIUS_GENDIM_13|GENIUS_GENDTOL_13|GENIUS_GENHATCH_13|GENIUS_GENOBJ-F-SCPASSM_13|GENIUS_GENOBJ-N-CRS_13|GENIUS_GENOBJ-N-DIM_13|GENIUS_GENOBJ-N-HTC_13|GENIUS_GENOBJ-N-LIB_13|GENIUS_GENOBJ-N-REC_13|GENIUS_GENOBJ-N-RSBK_13|GENIUS_GENOBJ-N-RSSYM_13|GENIUS_GENOBJ-N-SDF_13|GENIUS_GENOBJ-N-TIT_13|GENIUS_GENOBJ-NBEHI-BHB_13|GENIUS_GENOBJ-NBEHI-BHF_13|GENIUS_GENODEF_13|GENIUS_GENOENT_13|GENIUS_GENOLIS_13|GENIUS_GENOREF_13|GENIUS_GENREC_14|GENIUS_GENSCALE_13|GENIUS_GENSCREG_15|GENIUS_GENSCSYM_13|GENIUS_GENSYMENT_13|GENIUS_GENTITLE_13|GENIUS_GENTRA_14|GENIUS_GENZVEED_13|GENIUS_GEVCFG0_13|GENIUS_VERSION2|IDOK_INSTRUMENT|IDOK_LAYOUT|IDOK_LAYOUT_2|IDOK_PROCESS_1|IDOK_PROCESS_2|IDOK_PROCESS_BIN|IDOK_PROCESS_BIN2|IDOK_PROCESS_FL|IDOK_SKALA,FALSE,0,0,,,,,XData present but no named endpoint schema; inspect registered apps and companion files
Reference/TM01_PID/Code 14/DWG/GORA68267.03_Code 14 - MHV Water ring piping overview_SWE Shotton_CE.dwg,Reference/TM01_PID/Code 14/DWG,TM01_PID,GORA68267.03_Code 14 - MHV Water ring piping overview_SWE Shotton_CE.dwg,582197,e9fc9b4f6a5af08cf4d983cc67313c4c5f29694049f913b958993a2a85b045e6,ok,,AC1024,33,,,,gorceschma,,6328,5398,1428,GENIUS12|GENIUS_AMGTXT_16|GENIUS_GE3MANIP_13|GENIUS_GEFCFG0_13|GENIUS_GEFPARTINS_13|GENIUS_GEFSHP_13|GENIUS_GEFSH_13|GENIUS_GEFWELD_13|GENIUS_GEGCFG0_13|GENIUS_GENBHRL_14|GENIUS_GENBH_13|GENIUS_GENBLKED_14|GENIUS_GENCEN_19|GENIUS_GENCFG0_13|GENIUS_GENCFG1_13|GENIUS_GENCFG2_13|GENIUS_GENCFG3_13|GENIUS_GENCFG4_13|GENIUS_GENCFG_13|GENIUS_GENCRS_20|GENIUS_GENDIMSH_14|GENIUS_GENDIM_13|GENIUS_GENDTOL_13|GENIUS_GENFIL_13|GENIUS_GENHATCH_13|GENIUS_GENOBJ-F-PFASSM_13|GENIUS_GENOBJ-F-SCPASSM_13|GENIUS_GENOBJ-F-SHSS_13|GENIUS_GENOBJ-F-SHS_13|GENIUS_GENOBJ-F-WELS_13|GENIUS_GENOBJ-N-CEN_13|GENIUS_GENOBJ-N-CHA_13|GENIUS_GENOBJ-N-CRS_13|GENIUS_GENOBJ-N-DIM_13|GENIUS_GENOBJ-N-FIL_13|GENIUS_GENOBJ-N-HTC_13|GENIUS_GENOBJ-N-LEADER_13|GENIUS_GENOBJ-N-LIB_13|GENIUS_GENOBJ-N-REC_13|GENIUS_GENOBJ-N-RSBK_13|GENIUS_GENOBJ-N-RSSYM_13|GENIUS_GENOBJ-N-SDF_13|GENIUS_GENOBJ-N-TIT_13|GENIUS_GENOBJ-NBEHI-BHB_13|GENIUS_GENOBJ-NBEHI-BHF_13|GENIUS_GENOBJ_13|GENIUS_GENODEF_13|GENIUS_GENOENT_13|GENIUS_GENOLIS_13|GENIUS_GENOREF_13|GENIUS_GENREC_13|GENIUS_GENREC_14|GENIUS_GENSCALE_13|GENIUS_GENSCREG_15|GENIUS_GENSCSYM_13|GENIUS_GENSYMENT_13|GENIUS_GENTITLE_13|GENIUS_GENTRA_14|GENIUS_GENZVEED_13|GENIUS_GEVCFG0_13|GENIUS_VERSION2|GENIUS_VERSION5|IDOK_INSTRUMENT|IDOK_LAYOUT|IDOK_LAYOUT_2|IDOK_PROCESS_1|IDOK_PROCESS_2|IDOK_PROCESS_BIN|IDOK_PROCESS_BIN2|IDOK_PROCESS_FL|IDOK_SKALA,FALSE,0,0,,,,,XData present but no named endpoint schema; inspect registered apps and companion files
Reference/TM01_PID/Code 14/DWG/GORB18777.05_Code 14 - P&ID Turboblower & WE Roof heating_SWE Shotton_CE.dwg,Reference/TM01_PID/Code 14/DWG,TM01_PID,GORB18777.05_Code 14 - P&ID Turboblower & WE Roof heating_SWE Shotton_CE.dwg,459137,e8cc43964ab13cfd7f0f369cb493ef8e1582224ce425aaf8d2910fa264a04b86,ok,,AC1024,33,,,,gorceschma,,5780,5088,1085,GENIUS_AMGTXT_16|GENIUS_GE3MANIP_13|GENIUS_GENBLLY_14|GENIUS_GENCFG0_13|GENIUS_GENCFG1_13|GENIUS_GENCFG2_13|GENIUS_GENCFG3_13|GENIUS_GENCFG4_13|GENIUS_GENCFG_13|GENIUS_GENDIMSH_14|GENIUS_GENHATCH_13|GENIUS_GENOBJ-N-CRS_13|GENIUS_GENOBJ-N-HTC_13|GENIUS_GENOBJ-N-LIB_13|GENIUS_GENOBJ-N-REC_13|GENIUS_GENOBJ-N-RSBK_13|GENIUS_GENOBJ-N-SDF_13|GENIUS_GENOBJ-N-TIT_13|GENIUS_GENODEF_13|GENIUS_GENOENT_13|GENIUS_GENOLIS_13|GENIUS_GENOREF_13|GENIUS_GENREC_14|GENIUS_GENSCALE_13|GENIUS_GENSCREG_15|GENIUS_GENTITLE_13|GENIUS_GENTRA_14|GENIUS_VERSION2|IDOK_INSTRUMENT|IDOK_LAYOUT|IDOK_LAYOUT_2|IDOK_PROCESS_1|IDOK_PROCESS_2|IDOK_PROCESS_BIN|IDOK_PROCESS_BIN2|IDOK_PROCESS_FL|IDOK_SKALA,FALSE,0,0,,,,,XData present but no named endpoint schema; inspect registered apps and companion files
Reference/TM01_PID/Code 14/DWG/GORB18778.04_SH1(2)_Code 14 - P&ID Ventil Unit SU01_SWE Shotton_CE.dwg,Reference/TM01_PID/Code 14/DWG,TM01_PID,GORB18778.04_SH1(2)_Code 14 - P&ID Ventil Unit SU01_SWE Shotton_CE.dwg,369452,ba7618f696fb5abedc36efe317e7f04289b000d0cad702afaf75c81aa5faf249,ok,,AC1024,33,,,,gorceschma,,3422,2803,1033,GENIUS_AMGTXT_16|GENIUS_GE3MANIP_13|GENIUS_GENBLLY_14|GENIUS_GENCFG0_13|GENIUS_GENCFG1_13|GENIUS_GENCFG2_13|GENIUS_GENCFG3_13|GENIUS_GENCFG4_13|GENIUS_GENCFG_13|GENIUS_GENDIMSH_14|GENIUS_GENHATCH_13|GENIUS_GENOBJ-N-CRS_13|GENIUS_GENOBJ-N-HTC_13|GENIUS_GENOBJ-N-LIB_13|GENIUS_GENOBJ-N-REC_13|GENIUS_GENOBJ-N-RSBK_13|GENIUS_GENOBJ-N-SDF_13|GENIUS_GENOBJ-N-TIT_13|GENIUS_GENODEF_13|GENIUS_GENOENT_13|GENIUS_GENOLIS_13|GENIUS_GENOREF_13|GENIUS_GENREC_14|GENIUS_GENSCALE_13|GENIUS_GENSCREG_15|GENIUS_GENTITLE_13|GENIUS_GENTRA_14|GENIUS_VERSION2|IDOK_INSTRUMENT|IDOK_LAYOUT|IDOK_LAYOUT_2|IDOK_PROCESS_1|IDOK_PROCESS_2|IDOK_PROCESS_BIN|IDOK_PROCESS_BIN2|IDOK_PROCESS_FL|IDOK_SKALA,FALSE,0,0,,,,,XData present but no named endpoint schema; inspect registered apps and companion files
Reference/TM01_PID/Code 14/DWG/GORB18778.04_SH2(2)_Code 14 - P&ID Ventil Unit SU02_SWE Shotton_CE.dwg,Reference/TM01_PID/Code 14/DWG,TM01_PID,GORB18778.04_SH2(2)_Code 14 - P&ID Ventil Unit SU02_SWE Shotton_CE.dwg,354594,3e12a6adf13f407bae69c4e21af2d8d75eb4e098a3aa62f800339dd51683d5af,ok,,AC1024,33,,,,gorceschma,,3355,2796,1023,GENIUS_AMGTXT_16|GENIUS_GE3MANIP_13|GENIUS_GENBLLY_14|GENIUS_GENCFG0_13|GENIUS_GENCFG1_13|GENIUS_GENCFG2_13|GENIUS_GENCFG3_13|GENIUS_GENCFG4_13|GENIUS_GENCFG_13|GENIUS_GENDIMSH_14|GENIUS_GENHATCH_13|GENIUS_GENOBJ-N-CRS_13|GENIUS_GENOBJ-N-HTC_13|GENIUS_GENOBJ-N-LIB_13|GENIUS_GENOBJ-N-REC_13|GENIUS_GENOBJ-N-RSBK_13|GENIUS_GENOBJ-N-SDF_13|GENIUS_GENOBJ-N-TIT_13|GENIUS_GENODEF_13|GENIUS_GENOENT_13|GENIUS_GENOLIS_13|GENIUS_GENOREF_13|GENIUS_GENREC_14|GENIUS_GENSCALE_13|GENIUS_GENSCREG_15|GENIUS_GENTITLE_13|GENIUS_GENTRA_14|GENIUS_VERSION2|IDOK_INSTRUMENT|IDOK_LAYOUT|IDOK_LAYOUT_2|IDOK_PROCESS_1|IDOK_PROCESS_2|IDOK_PROCESS_BIN|IDOK_PROCESS_BIN2|IDOK_PROCESS_FL|IDOK_SKALA,FALSE,0,0,,,,,XData present but no named endpoint schema; inspect registered apps and companion files
Reference/TM01_PID/Code 14/DWG/GORB18779.05_SH1(12)_Code 14 - P&ID Ventil Unit WU01_SWE Shotton_CE.dwg,Reference/TM01_PID/Code 14/DWG,TM01_PID,GORB18779.05_SH1(12)_Code 14 - P&ID Ventil Unit WU01_SWE Shotton_CE.dwg,434571,bb838c7fc5837ef4fdb9d2e089f0fef1709fafbcc94bf64ef72cd2fbf4918edd,ok,,AC1024,33,,,,gorceschma,,4583,4010,1296,GENIUS_GE3MANIP_13|GENIUS_GENCFG0_13|GENIUS_GENCFG1_13|GENIUS_GENCFG2_13|GENIUS_GENCFG3_13|GENIUS_GENCFG4_13|GENIUS_GENCFG_13|GENIUS_GENDIMSH_14|GENIUS_GENHATCH_13|GENIUS_GENOBJ-N-CRS_13|GENIUS_GENOBJ-N-HTC_13|GENIUS_GENOBJ-N-LIB_13|GENIUS_GENOBJ-N-REC_13|GENIUS_GENOBJ-N-RSBK_13|GENIUS_GENOBJ-N-SDF_13|GENIUS_GENODEF_13|GENIUS_GENOENT_13|GENIUS_GENOLIS_13|GENIUS_GENOREF_13|GENIUS_GENREC_14|GENIUS_GENSCALE_13|GENIUS_GENSCREG_15|GENIUS_VERSION2|IDOK_INSTRUMENT|IDOK_LAYOUT|IDOK_LAYOUT_2|IDOK_PROCESS_1|IDOK_PROCESS_2|IDOK_PROCESS_BIN|IDOK_PROCESS_BIN2|IDOK_PROCESS_FL|IDOK_SKALA,FALSE,0,0,,,,,XData present but no named endpoint schema; inspect registered apps and companion files
Reference/TM01_PID/Code 14/DWG/GORB18779.05_SH10(12)_Code 14 - P&ID Ventil Unit WU10_SWE Shotton_CE.dwg,Reference/TM01_PID/Code 14/DWG,TM01_PID,GORB18779.05_SH10(12)_Code 14 - P&ID Ventil Unit WU10_SWE Shotton_CE.dwg,425574,42b5b07282fa5ba9a8c10e27deb8eab5fbde1c02d1589e1c5ef6003c98562bea,ok,,AC1024,33,,,,gorceschma,,4576,4003,1280,GENIUS_GE3MANIP_13|GENIUS_GENCFG0_13|GENIUS_GENCFG1_13|GENIUS_GENCFG2_13|GENIUS_GENCFG3_13|GENIUS_GENCFG4_13|GENIUS_GENCFG_13|GENIUS_GENDIMSH_14|GENIUS_GENHATCH_13|GENIUS_GENOBJ-N-CRS_13|GENIUS_GENOBJ-N-HTC_13|GENIUS_GENOBJ-N-LIB_13|GENIUS_GENOBJ-N-REC_13|GENIUS_GENOBJ-N-RSBK_13|GENIUS_GENOBJ-N-SDF_13|GENIUS_GENODEF_13|GENIUS_GENOENT_13|GENIUS_GENOLIS_13|GENIUS_GENOREF_13|GENIUS_GENREC_14|GENIUS_GENSCALE_13|GENIUS_GENSCREG_15|GENIUS_VERSION2|IDOK_INSTRUMENT|IDOK_LAYOUT|IDOK_LAYOUT_2|IDOK_PROCESS_1|IDOK_PROCESS_2|IDOK_PROCESS_BIN|IDOK_PROCESS_BIN2|IDOK_PROCESS_FL|IDOK_SKALA,FALSE,0,0,,,,,XData present but no named endpoint schema; inspect registered apps and companion files
Reference/TM01_PID/Code 14/DWG/GORB18779.05_SH11(12)_Code 14 - P&ID Ventil Unit WU11_SWE Shotton_CE.dwg,Reference/TM01_PID/Code 14/DWG,TM01_PID,GORB18779.05_SH11(12)_Code 14 - P&ID Ventil Unit WU11_SWE Shotton_CE.dwg,434507,cdd5faffe6b7bd4b5f2215d506fd084ea22c2a176523f5f3332e4221fb122be5,ok,,AC1024,33,,,,gorceschma,,4574,4001,1280,GENIUS_GE3MANIP_13|GENIUS_GENCFG0_13|GENIUS_GENCFG1_13|GENIUS_GENCFG2_13|GENIUS_GENCFG3_13|GENIUS_GENCFG4_13|GENIUS_GENCFG_13|GENIUS_GENDIMSH_14|GENIUS_GENHATCH_13|GENIUS_GENOBJ-N-CRS_13|GENIUS_GENOBJ-N-HTC_13|GENIUS_GENOBJ-N-LIB_13|GENIUS_GENOBJ-N-REC_13|GENIUS_GENOBJ-N-RSBK_13|GENIUS_GENOBJ-N-SDF_13|GENIUS_GENODEF_13|GENIUS_GENOENT_13|GENIUS_GENOLIS_13|GENIUS_GENOREF_13|GENIUS_GENREC_14|GENIUS_GENSCALE_13|GENIUS_GENSCREG_15|GENIUS_VERSION2|IDOK_INSTRUMENT|IDOK_LAYOUT|IDOK_LAYOUT_2|IDOK_PROCESS_1|IDOK_PROCESS_2|IDOK_PROCESS_BIN|IDOK_PROCESS_BIN2|IDOK_PROCESS_FL|IDOK_SKALA,FALSE,0,0,,,,,XData present but no named endpoint schema; inspect registered apps and companion files
Reference/TM01_PID/Code 14/DWG/GORB18779.05_SH12(12)_Code 14 - P&ID Ventil Unit WU12_SWE Shotton_CE.dwg,Reference/TM01_PID/Code 14/DWG,TM01_PID,GORB18779.05_SH12(12)_Code 14 - P&ID Ventil Unit WU12_SWE Shotton_CE.dwg,442861,e2edbc4d9e3ee7e2204824686171cb39323c5b4658f6416e67647534b2ec4af0,ok,,AC1024,33,,,,gorceschma,,4623,4001,1289,GENIUS_GE3MANIP_13|GENIUS_GENCFG0_13|GENIUS_GENCFG1_13|GENIUS_GENCFG2_13|GENIUS_GENCFG3_13|GENIUS_GENCFG4_13|GENIUS_GENCFG_13|GENIUS_GENDIMSH_14|GENIUS_GENHATCH_13|GENIUS_GENOBJ-N-CRS_13|GENIUS_GENOBJ-N-HTC_13|GENIUS_GENOBJ-N-LIB_13|GENIUS_GENOBJ-N-REC_13|GENIUS_GENOBJ-N-RSBK_13|GENIUS_GENOBJ-N-SDF_13|GENIUS_GENODEF_13|GENIUS_GENOENT_13|GENIUS_GENOLIS_13|GENIUS_GENOREF_13|GENIUS_GENREC_14|GENIUS_GENSCALE_13|GENIUS_GENSCREG_15|GENIUS_VERSION2|IDOK_INSTRUMENT|IDOK_LAYOUT|IDOK_LAYOUT_2|IDOK_PROCESS_1|IDOK_PROCESS_2|IDOK_PROCESS_BIN|IDOK_PROCESS_BIN2|IDOK_PROCESS_FL|IDOK_SKALA,FALSE,0,0,,,,,XData present but no named endpoint schema; inspect registered apps and companion files
Reference/TM01_PID/Code 14/DWG/GORB18779.05_SH2(12)_Code 14 - P&ID Ventil Unit WU02_SWE Shotton_CE.dwg,Reference/TM01_PID/Code 14/DWG,TM01_PID,GORB18779.05_SH2(12)_Code 14 - P&ID Ventil Unit WU02_SWE Shotton_CE.dwg,429323,bff0c40f2c58c15f6ade907c8fa26cb7f0335ff207706c39fc635edcfd6e117f,ok,,AC1024,33,,,,gorceschma,,4573,4000,1280,GENIUS_GE3MANIP_13|GENIUS_GENCFG0_13|GENIUS_GENCFG1_13|GENIUS_GENCFG2_13|GENIUS_GENCFG3_13|GENIUS_GENCFG4_13|GENIUS_GENCFG_13|GENIUS_GENDIMSH_14|GENIUS_GENHATCH_13|GENIUS_GENOBJ-N-CRS_13|GENIUS_GENOBJ-N-HTC_13|GENIUS_GENOBJ-N-LIB_13|GENIUS_GENOBJ-N-REC_13|GENIUS_GENOBJ-N-RSBK_13|GENIUS_GENOBJ-N-SDF_13|GENIUS_GENODEF_13|GENIUS_GENOENT_13|GENIUS_GENOLIS_13|GENIUS_GENOREF_13|GENIUS_GENREC_14|GENIUS_GENSCALE_13|GENIUS_GENSCREG_15|GENIUS_VERSION2|IDOK_INSTRUMENT|IDOK_LAYOUT|IDOK_LAYOUT_2|IDOK_PROCESS_1|IDOK_PROCESS_2|IDOK_PROCESS_BIN|IDOK_PROCESS_BIN2|IDOK_PROCESS_FL|IDOK_SKALA,FALSE,0,0,,,,,XData present but no named endpoint schema; inspect registered apps and companion files
Reference/TM01_PID/Code 14/DWG/GORB18779.05_SH3(12)_Code 14 - P&ID Ventil Unit WU03_SWE Shotton_CE.dwg,Reference/TM01_PID/Code 14/DWG,TM01_PID,GORB18779.05_SH3(12)_Code 14 - P&ID Ventil Unit WU03_SWE Shotton_CE.dwg,431401,3f07068b8913c5a270e766148d6d7e53ab458ac17906d8a036681f94ce4d6901,ok,,AC1024,33,,,,gorceschma,,4574,4001,1280,GENIUS_GE3MANIP_13|GENIUS_GENCFG0_13|GENIUS_GENCFG1_13|GENIUS_GENCFG2_13|GENIUS_GENCFG3_13|GENIUS_GENCFG4_13|GENIUS_GENCFG_13|GENIUS_GENDIMSH_14|GENIUS_GENHATCH_13|GENIUS_GENOBJ-N-CRS_13|GENIUS_GENOBJ-N-HTC_13|GENIUS_GENOBJ-N-LIB_13|GENIUS_GENOBJ-N-REC_13|GENIUS_GENOBJ-N-RSBK_13|GENIUS_GENOBJ-N-SDF_13|GENIUS_GENODEF_13|GENIUS_GENOENT_13|GENIUS_GENOLIS_13|GENIUS_GENOREF_13|GENIUS_GENREC_14|GENIUS_GENSCALE_13|GENIUS_GENSCREG_15|GENIUS_VERSION2|IDOK_INSTRUMENT|IDOK_LAYOUT|IDOK_LAYOUT_2|IDOK_PROCESS_1|IDOK_PROCESS_2|IDOK_PROCESS_BIN|IDOK_PROCESS_BIN2|IDOK_PROCESS_FL|IDOK_SKALA,FALSE,0,0,,,,,XData present but no named endpoint schema; inspect registered apps and companion files
Reference/TM01_PID/Code 14/DWG/GORB18779.05_SH4(12)_Code 14 - P&ID Ventil Unit WU04_SWE Shotton_CE.dwg,Reference/TM01_PID/Code 14/DWG,TM01_PID,GORB18779.05_SH4(12)_Code 14 - P&ID Ventil Unit WU04_SWE Shotton_CE.dwg,433193,b1f458f5f51fa11a9677295ac4d8717b1b190e6a0651441ec7d0b3821cebb68e,ok,,AC1024,33,,,,gorceschma,,4574,4001,1280,GENIUS_GE3MANIP_13|GENIUS_GENCFG0_13|GENIUS_GENCFG1_13|GENIUS_GENCFG2_13|GENIUS_GENCFG3_13|GENIUS_GENCFG4_13|GENIUS_GENCFG_13|GENIUS_GENDIMSH_14|GENIUS_GENHATCH_13|GENIUS_GENOBJ-N-CRS_13|GENIUS_GENOBJ-N-HTC_13|GENIUS_GENOBJ-N-LIB_13|GENIUS_GENOBJ-N-REC_13|GENIUS_GENOBJ-N-RSBK_13|GENIUS_GENOBJ-N-SDF_13|GENIUS_GENODEF_13|GENIUS_GENOENT_13|GENIUS_GENOLIS_13|GENIUS_GENOREF_13|GENIUS_GENREC_14|GENIUS_GENSCALE_13|GENIUS_GENSCREG_15|GENIUS_VERSION2|IDOK_INSTRUMENT|IDOK_LAYOUT|IDOK_LAYOUT_2|IDOK_PROCESS_1|IDOK_PROCESS_2|IDOK_PROCESS_BIN|IDOK_PROCESS_BIN2|IDOK_PROCESS_FL|IDOK_SKALA,FALSE,0,0,,,,,XData present but no named endpoint schema; inspect registered apps and companion files
Reference/TM01_PID/Code 14/DWG/GORB18779.05_SH5(12)_Code 14 - P&ID Ventil Unit WU05_SWE Shotton_CE.dwg,Reference/TM01_PID/Code 14/DWG,TM01_PID,GORB18779.05_SH5(12)_Code 14 - P&ID Ventil Unit WU05_SWE Shotton_CE.dwg,431846,6fb863379ac246989b382af3599debdf5238e1ee3c40ae2e15c4ecc940c10c1f,ok,,AC1024,33,,,,gorceschma,,4574,4001,1280,GENIUS_GE3MANIP_13|GENIUS_GENCFG0_13|GENIUS_GENCFG1_13|GENIUS_GENCFG2_13|GENIUS_GENCFG3_13|GENIUS_GENCFG4_13|GENIUS_GENCFG_13|GENIUS_GENDIMSH_14|GENIUS_GENHATCH_13|GENIUS_GENOBJ-N-CRS_13|GENIUS_GENOBJ-N-HTC_13|GENIUS_GENOBJ-N-LIB_13|GENIUS_GENOBJ-N-REC_13|GENIUS_GENOBJ-N-RSBK_13|GENIUS_GENOBJ-N-SDF_13|GENIUS_GENODEF_13|GENIUS_GENOENT_13|GENIUS_GENOLIS_13|GENIUS_GENOREF_13|GENIUS_GENREC_14|GENIUS_GENSCALE_13|GENIUS_GENSCREG_15|GENIUS_VERSION2|IDOK_INSTRUMENT|IDOK_LAYOUT|IDOK_LAYOUT_2|IDOK_PROCESS_1|IDOK_PROCESS_2|IDOK_PROCESS_BIN|IDOK_PROCESS_BIN2|IDOK_PROCESS_FL|IDOK_SKALA,FALSE,0,0,,,,,XData present but no named endpoint schema; inspect registered apps and companion files
Reference/TM01_PID/Code 14/DWG/GORB18779.05_SH6(12)_Code 14 - P&ID Ventil Unit WU06_SWE Shotton_CE.dwg,Reference/TM01_PID/Code 14/DWG,TM01_PID,GORB18779.05_SH6(12)_Code 14 - P&ID Ventil Unit WU06_SWE Shotton_CE.dwg,433483,55a963638e9f49aa742285a412881ba021d4811d01b08f92446299a0914517a4,ok,,AC1024,33,,,,gorceschma,,4585,4009,1280,GENIUS_GE3MANIP_13|GENIUS_GENCFG0_13|GENIUS_GENCFG1_13|GENIUS_GENCFG2_13|GENIUS_GENCFG3_13|GENIUS_GENCFG4_13|GENIUS_GENCFG_13|GENIUS_GENDIMSH_14|GENIUS_GENHATCH_13|GENIUS_GENOBJ-N-CRS_13|GENIUS_GENOBJ-N-HTC_13|GENIUS_GENOBJ-N-LIB_13|GENIUS_GENOBJ-N-REC_13|GENIUS_GENOBJ-N-RSBK_13|GENIUS_GENOBJ-N-SDF_13|GENIUS_GENODEF_13|GENIUS_GENOENT_13|GENIUS_GENOLIS_13|GENIUS_GENOREF_13|GENIUS_GENREC_14|GENIUS_GENSCALE_13|GENIUS_GENSCREG_15|GENIUS_VERSION2|IDOK_INSTRUMENT|IDOK_LAYOUT|IDOK_LAYOUT_2|IDOK_PROCESS_1|IDOK_PROCESS_2|IDOK_PROCESS_BIN|IDOK_PROCESS_BIN2|IDOK_PROCESS_FL|IDOK_SKALA,FALSE,0,0,,,,,XData present but no named endpoint schema; inspect registered apps and companion files
Reference/TM01_PID/Code 14/DWG/GORB18779.05_SH7(12)_Code 14 - P&ID Ventil Unit WU07_SWE Shotton_CE.dwg,Reference/TM01_PID/Code 14/DWG,TM01_PID,GORB18779.05_SH7(12)_Code 14 - P&ID Ventil Unit WU07_SWE Shotton_CE.dwg,427498,b28498e7160335f3841dc5cec891cfc0d25c9c9f3dbad8510a2189ea8b711565,ok,,AC1024,33,,,,gorceschma,,4574,4001,1280,GENIUS_GE3MANIP_13|GENIUS_GENCFG0_13|GENIUS_GENCFG1_13|GENIUS_GENCFG2_13|GENIUS_GENCFG3_13|GENIUS_GENCFG4_13|GENIUS_GENCFG_13|GENIUS_GENDIMSH_14|GENIUS_GENHATCH_13|GENIUS_GENOBJ-N-CRS_13|GENIUS_GENOBJ-N-HTC_13|GENIUS_GENOBJ-N-LIB_13|GENIUS_GENOBJ-N-REC_13|GENIUS_GENOBJ-N-RSBK_13|GENIUS_GENOBJ-N-SDF_13|GENIUS_GENODEF_13|GENIUS_GENOENT_13|GENIUS_GENOLIS_13|GENIUS_GENOREF_13|GENIUS_GENREC_14|GENIUS_GENSCALE_13|GENIUS_GENSCREG_15|GENIUS_VERSION2|IDOK_INSTRUMENT|IDOK_LAYOUT|IDOK_LAYOUT_2|IDOK_PROCESS_1|IDOK_PROCESS_2|IDOK_PROCESS_BIN|IDOK_PROCESS_BIN2|IDOK_PROCESS_FL|IDOK_SKALA,FALSE,0,0,,,,,XData present but no named endpoint schema; inspect registered apps and companion files
Reference/TM01_PID/Code 14/DWG/GORB18779.05_SH8(12)_Code 14 - P&ID Ventil Unit WU08_SWE Shotton_CE.dwg,Reference/TM01_PID/Code 14/DWG,TM01_PID,GORB18779.05_SH8(12)_Code 14 - P&ID Ventil Unit WU08_SWE Shotton_CE.dwg,431594,893e4e86f4ba8076880f5c0baa0226bbb764f98f454b9b536104d538a2737294,ok,,AC1024,33,,,,gorceschma,,4574,4001,1280,GENIUS_GE3MANIP_13|GENIUS_GENCFG0_13|GENIUS_GENCFG1_13|GENIUS_GENCFG2_13|GENIUS_GENCFG3_13|GENIUS_GENCFG4_13|GENIUS_GENCFG_13|GENIUS_GENDIMSH_14|GENIUS_GENHATCH_13|GENIUS_GENOBJ-N-CRS_13|GENIUS_GENOBJ-N-HTC_13|GENIUS_GENOBJ-N-LIB_13|GENIUS_GENOBJ-N-REC_13|GENIUS_GENOBJ-N-RSBK_13|GENIUS_GENOBJ-N-SDF_13|GENIUS_GENODEF_13|GENIUS_GENOENT_13|GENIUS_GENOLIS_13|GENIUS_GENOREF_13|GENIUS_GENREC_14|GENIUS_GENSCALE_13|GENIUS_GENSCREG_15|GENIUS_VERSION2|IDOK_INSTRUMENT|IDOK_LAYOUT|IDOK_LAYOUT_2|IDOK_PROCESS_1|IDOK_PROCESS_2|IDOK_PROCESS_BIN|IDOK_PROCESS_BIN2|IDOK_PROCESS_FL|IDOK_SKALA,FALSE,0,0,,,,,XData present but no named endpoint schema; inspect registered apps and companion files
Reference/TM01_PID/Code 14/DWG/GORB18779.05_SH9(12)_Code 14 - P&ID Ventil Unit WU09_SWE Shotton_CE.dwg,Reference/TM01_PID/Code 14/DWG,TM01_PID,GORB18779.05_SH9(12)_Code 14 - P&ID Ventil Unit WU09_SWE Shotton_CE.dwg,431593,ab49d1919eb01e77ae978c8df1b681ac56b73ba77f5d0be74ae02e265cf45f79,ok,,AC1024,33,,,,gorceschma,,4574,4001,1280,GENIUS_GE3MANIP_13|GENIUS_GENCFG0_13|GENIUS_GENCFG1_13|GENIUS_GENCFG2_13|GENIUS_GENCFG3_13|GENIUS_GENCFG4_13|GENIUS_GENCFG_13|GENIUS_GENDIMSH_14|GENIUS_GENHATCH_13|GENIUS_GENOBJ-N-CRS_13|GENIUS_GENOBJ-N-HTC_13|GENIUS_GENOBJ-N-LIB_13|GENIUS_GENOBJ-N-REC_13|GENIUS_GENOBJ-N-RSBK_13|GENIUS_GENOBJ-N-SDF_13|GENIUS_GENODEF_13|GENIUS_GENOENT_13|GENIUS_GENOLIS_13|GENIUS_GENOREF_13|GENIUS_GENREC_14|GENIUS_GENSCALE_13|GENIUS_GENSCREG_15|GENIUS_VERSION2|IDOK_INSTRUMENT|IDOK_LAYOUT|IDOK_LAYOUT_2|IDOK_PROCESS_1|IDOK_PROCESS_2|IDOK_PROCESS_BIN|IDOK_PROCESS_BIN2|IDOK_PROCESS_FL|IDOK_SKALA,FALSE,0,0,,,,,XData present but no named endpoint schema; inspect registered apps and companion files
Reference/TM01_PID/Code 14/DWG/GORB18780.03_Code 14 - P&ID Bale pulper Extractor_SWE Shotton_CE.dwg,Reference/TM01_PID/Code 14/DWG,TM01_PID,GORB18780.03_Code 14 - P&ID Bale pulper Extractor_SWE Shotton_CE.dwg,281854,4415177ac81d6b8dd6d08a23037a92302331e43ec160d2650fafedbdc9700b9a,ok,,AC1024,33,,,,gorceschma,,1886,1443,874,GENIUS_GE3MANIP_13|GENIUS_GENCFG0_13|GENIUS_GENCFG1_13|GENIUS_GENCFG2_13|GENIUS_GENCFG3_13|GENIUS_GENCFG4_13|GENIUS_GENCFG_13|GENIUS_GENDIMSH_14|GENIUS_GENOBJ-N-CRS_13|GENIUS_GENOBJ-N-LIB_13|GENIUS_GENOBJ-N-REC_13|GENIUS_GENOBJ-N-RSBK_13|GENIUS_GENOBJ-N-SDF_13|GENIUS_GENODEF_13|GENIUS_GENOENT_13|GENIUS_GENOLIS_13|GENIUS_GENOREF_13|GENIUS_GENREC_14|GENIUS_GENSCALE_13|GENIUS_GENSCREG_15|IDOK_INSTRUMENT|IDOK_LAYOUT|IDOK_LAYOUT_2|IDOK_PROCESS_1|IDOK_PROCESS_2|IDOK_PROCESS_BIN|IDOK_PROCESS_BIN2|IDOK_PROCESS_FL|IDOK_SKALA,FALSE,0,0,,,,,XData present but no named endpoint schema; inspect registered apps and companion files
Reference/TM01_PID/Code 14/DWG/GORB18784.04_Code 14 - P&ID Machine Hall Extractors_SWE Shotton_CE.dwg,Reference/TM01_PID/Code 14/DWG,TM01_PID,GORB18784.04_Code 14 - P&ID Machine Hall Extractors_SWE Shotton_CE.dwg,309210,57bb7a316759917a43b3359ed580adfdbfcc15ef3eabc379c5e604e474140904,ok,,AC1024,33,,,,gorceschma,,2311,1863,1114,GENIUS_GE3MANIP_13|GENIUS_GENCFG0_13|GENIUS_GENCFG1_13|GENIUS_GENCFG2_13|GENIUS_GENCFG3_13|GENIUS_GENCFG4_13|GENIUS_GENCFG_13|GENIUS_GENDIMSH_14|GENIUS_GENOBJ-N-CRS_13|GENIUS_GENOBJ-N-LIB_13|GENIUS_GENOBJ-N-REC_13|GENIUS_GENOBJ-N-RSBK_13|GENIUS_GENOBJ-N-SDF_13|GENIUS_GENODEF_13|GENIUS_GENOENT_13|GENIUS_GENOLIS_13|GENIUS_GENOREF_13|GENIUS_GENREC_14|GENIUS_GENSCALE_13|GENIUS_GENSCREG_15|IDOK_INSTRUMENT|IDOK_LAYOUT|IDOK_LAYOUT_2|IDOK_PROCESS_1|IDOK_PROCESS_2|IDOK_PROCESS_BIN|IDOK_PROCESS_BIN2|IDOK_PROCESS_FL|IDOK_SKALA,FALSE,0,0,,,,,XData present but no named endpoint schema; inspect registered apps and companion files