SUB-PROCESS,FUNCTION,EQUIPMENT,SUB-EQUIPMENT,MASK
,,,,SHOTTONPM3-BROKESYSTEM
BR1,,,,SHOTTONPM3-BROKESYSTEM-BR1
BR1,35-24L009,,,SHOTTONPM3-BROKESYSTEM-BR1-35-
,,35-24L009,,35-24L009
,,35-24-186,,35-24-186
,,35-24-187,,35-24-187
,,35-24-188,,35-24-188
,,35-24-189,,35-24-189
,,35-24-190,,35-24-190
,,35-24-191,,35-24-191
,,35-24-192,,35-24-192
,,35-24-193,,35-24-193
,,35-24-194,,35-24-194
,,35-24-196,,35-24-196
,,35-24-197,,35-24-197
,,35-24-198,,35-24-198
,,35-24-199,,35-24-199
,,35-24-220,,35-24-220
,,35-24-221,,35-24-221
,,35-24-009.1,,35-24-009.1
,,35-24LV1-674,,35-24LV1-674
,,35-24LV2-674,,35-24LV2-674
,,35-24NV-675,,35-24NV-675
,,35-24HV-676,,35-24HV-676
,,35-24XS-681,,35-24XS-681
,,,35-24-204,35-24-204
,,,35-24-001,35-24-001
,,35-24L009.1,,35-24L009.1
,,35-24L009.2,,35-24L009.2
,,35-24-009.2,,35-24-009.2
,,,,SHOTTONPM3-BROKESYSTEM
BR1,,,,SHOTTONPM3-BROKESYSTEM-BR1
BR1,35-24P519,,,SHOTTONPM3-BROKESYSTEM-BR1-35-
,,35-24P519,,35-24P519
,,35-24-009.1,,35-24-009.1
,,35-24-191,,35-24-191
,,35-24-193,,35-24-193
,,35-24-192,,35-24-192
,,35-24-198,,35-24-198
,,35-24-199,,35-24-199
,,35-24-221,,35-24-221
,,35-24-197,,35-24-197
,,35-24-195,,35-24-195
,,35-24-196,,35-24-196
,,35-24-220,,35-24-220
,,,35-24LV1-674,35-24LV1-674
,,,35-24LV2-674,35-24LV2-674
,,,35-24XS-681,35-24XS-681
,,35-24P519.1,,35-24P519.1
,,35-24-519.1,,35-24-519.1
,,35-24P519.2,,35-24P519.2
,,35-24-519.2,,35-24-519.2
,,35-24-190,,35-24-190
,,35-24-194,,35-24-194
