SUB-PROCESS,FUNCTION,EQUIPMENT,SUB-EQUIPMENT,MASK,DESCRIPTION
BR1,35-24L001,,,5001-PM03-BR-BR1-35-24L001,35-24L001 PRESS PLPR HP-50G2
,,35-24-001.1,,,35-24-001.1 PRESS PLPR RTR 1 MTR
,,35-24-001.2,,,35-24-001.2 PRESS PLPR RTR 2 MTR
,,35-24LC-576,,,35-24LC-576 PLPR LVL CTRL
,,35-24XS-588,,,35-24XS-588 MCS SIGNAL
,,35-24NC-577,,,35-24NC-577 PLPR CTRL
,,35-24-095,,,35-24-095 PP-200 PLPR OUT LN
,,,35-24LV2-576,,35-24LV2-576 LVL CTRL VLV AV
,,,35-24-234,,35-24-234 VLV CHK
,,35-24-096,,,35-24-096 PP-900 PLPR LN
,,,35-24-207,,35-24-207 VLV HV
,,,35-24-217,,35-24-217 VLV NC
,,,35-24-093,,35-24-093 VLV NC
,,,35-24-1105,,35-24-1105 VLV AV
,,35-24-100,,,35-24-100 PP-250 PLPR LN
,,35-24-101,,,35-24-101 PP-150 PLPR LN
,,35-24-108,,,35-24-108 PP-100 PLPR LN
,,35-24L001.1,,,35-24L001.1
,,35-24L001.2,,,35-24L001.2
,,35-24L001.3,,,35-24L001.3
,,35-24-001.3,,,35-24-001.3
,,35-24L001.4,,,35-24L001.4
,,35-24-001.4,,,35-24-001.4
BR1,35-24L002,,,5001-PM03-BR-BR1-35-24L002,35-24L002 BROKE THICKENER GT-2540
,,35-24-002.1,,,35-24-002.1 THICKENER MTR 15KW 1500RPM
,,35-24XS-662,,,35-24XS-662 E-STOP
,,35-24-149,,,35-24-149 WAA-300 IN LN
,,,35-24-033,,35-24-033 VLV HV
,,35-24-150,,,35-24-150 WAA-400 LN
,,35-24-152,,,35-24-152 PP-300 DIS LN
,,,35-24-1110,,35-24-1110 VLV NC
,,,35-24LV-622,,35-24LV-622 LVL CTRL VLV AV
,,,35-24LC-622,,35-24LC-622 LVL CONTROLLER
,,35-24-032,,,35-24-032 VLV HV
,,35-24-029,,,35-24-029 VLV HV
,,35-24HV-623,,,35-24HV-623 ISOL VLV AV
,,35-24-030,,,35-24-030 VLV HV
,,35-24HV-626,,,35-24HV-626 ISOL VLV AV
,,35-24HV-628,,,35-24HV-628 ISOL VLV AV
,,35-24L002.1,,,35-24L002.1
,,35-24L002.2,,,35-24L002.2
,,35-24-002.2,,,35-24-002.2
,,35-24L002.3,,,35-24L002.3
,,35-24-002.3,,,35-24-002.3
,,35-24L002.4,,,35-24L002.4
,,35-24-002.4,,,35-24-002.4
BR1,35-24L003,,,5001-PM03-BR-BR1-35-24L003,35-24L003 SIZE PRESS PLPR
,,35-24LC-560,,,35-24LC-560 LVL CONTROLLER
,,35-24LV1-560,,,35-24LV1-560 LVL VLV AV
,,35-24LV2-560,,,35-24LV2-560 LVL VLV AV
,,35-24-077,,,35-24-077 PP-250 IN LN
,,35-24-078,,,35-24-078 PP-900 DIS LN
,,,35-24-108,,35-24-108 VLV HV
,,,35-24-107,,35-24-107 VLV HV
,,35-24-230,,,35-24-230 IN LN
,,35-24-111,,,35-24-111 LN VLV NC
,,35-24-110,,,35-24-110 LN VLV HV
,,35-24-113,,,35-24-113 LN VLV NC
,,35-24L003.1,,,35-24L003.1
,,35-24L003.2,,,35-24L003.2
,,35-24L003.3,,,35-24L003.3
,,35-24L003.4,,,35-24L003.4
,,35-24-003.4,,,35-24-003.4
,,35-24-003.3,,,35-24-003.3
BR1,35-24L004,,,5001-PM03-BR-BR1-35-24L004,35-24L004 BROKE CVYR 2
,,35-24-082,,,35-24-082 PP-800 MAIN LN
,,,35-24-230,,35-24-230 VLV HV
,,35-24-081,,,35-24-081 PP-250 LN
,,,35-24-105,,35-24-105 VLV HV
,,35-24-083,,,35-24-083 WAF-300 LN
,,35-24-084,,,35-24-084 WAF-100 LN
,,35-24-086,,,35-24-086 WAF-100 LN
,,,35-24FV-570,,35-24FV-570 FL VLV AV
,,35-24-088,,,35-24-088 WAF-300 LN
,,,35-24HV-572,,35-24HV-572 ISOL VLV HV
,,,35-24KV-573,,35-24KV-573 VLV AV
,,35-24-089,,,35-24-089 WAF-300 LN
,,,35-24HV-651,,35-24HV-651 ISOL VLV HV
,,,35-24HV-575,,35-24HV-575 ISOL VLV HV
,,35-24L004.1,,,35-24L004.1
,,35-24-004.1,,,35-24-004.1
,,35-24L004.2,,,35-24L004.2
,,35-24-004.2,,,35-24-004.2
,,35-24L004.3,,,35-24L004.3
,,35-24-004.3,,,35-24-004.3
,,35-24L004.4,,,35-24L004.4
,,35-24-004.4,,,35-24-004.4
BR1,35-24L005,,,5001-PM03-BR-BR1-35-24L005,35-24L005 REEL PLPR HP-63G2
,,35-24LC-537,,,35-24LC-537 LVL CTRL
,,35-24-223,,,35-24-223 PP-100 LN
,,,35-24FV-696,,35-24FV-696 FL CTRL VLV AV
,,35-24-043,,,35-24-043 PP-300 LN
,,35-24-222,,,35-24-222 PP-400 LN
,,,35-24LV2-537,,35-24LV2-537 LVL VLV AV
,,35-24-044,,,35-24-044 PP-900 LN
,,35-24-220,,,35-24-220 PP-80 LN
,,,35-24LV1-537,,35-24LV1-537 LVL VLV AV
,,35-24-1131,,,35-24-1131 350-400 BRANCH
,,35-24-1112,,,35-24-1112 003-15 BRANCH
,,35-24-1128,,,35-24-1128 003-50 BRANCH
,,35-24-140,,,35-24-140 350-300 LN
,,35-24-228,,,35-24-228 350-500 LN
,,,35-24HV-548,,35-24HV-548 ISOL VLV HV
,,35-24XS-667,,,35-24XV-667 SO VLV AV
,,35-24L005.1,,,35-24L005.1
,,35-24L005.2,,,35-24L005.2
,,35-24L005.3,,,35-24L005.3
,,35-24-005.3,,,35-24-005.3
,,35-24L005.4,,,35-24L005.4
,,35-24-005.4,,,35-24-005.4
,,35-24-005.2,,,35-24-005.2
,,35-24-005.1,,,35-24-005.1
BR1,35-24L006,,,5001-PM03-BR-BR1-35-24L006,35-24L006 BROKE CVYR 3
,,35-24-049,,,35-24-049 PP-800 IN LN
,,35-24-051,,,35-24-051 PP-100 OUT LN
,,,35-24HV-548,,35-24HV-548 ISOL VLV AV NC
,,35-24-046,,,35-24-046 PP-250 LN
,,35-24-047,,,35-24-047 PP-150 LN
,,35-24-137,,,35-24-137 PP-250 SPOOL
,,35-24L006.1,,,35-24L006.1
,,35-24-006.1,,,35-24-006.1
,,35-24L006.2,,,35-24L006.2
,,35-24-006.2,,,35-24-006.2
,,35-24L006.3,,,35-24L006.3
,,35-24-006.3,,,35-24-006.3
,,35-24L006.4,,,35-24L006.4
,,35-24-006.4,,,35-24-006.4
BR1,35-24L007,,,5001-PM03-BR-BR1-35-24L007,35-24L007 SLABBING PLPR HP-33G2
,,35-24-007.1,,,35-24-007.1 SLABBING PLPR MTR 1
,,35-24-007.2,,,35-24-007.2 SLABBING PLPR MTR 2
,,35-24-007.3,,,35-24-007.3 SLABBING PLPR MTR 3
,,35-24-007.4,,,35-24-007.4 SLABBING PLPR MTR 4
,,35-24LC-518,,,35-24LC-518 LVL CTRL INST
,,35-24LV1-518,,,35-24LV1-518 LVL VLV AV
,,35-24LV2-518,,,35-24LV2-518 LVL VLV AV
,,35-24-023,,,35-24-023 PP-200 IN LN
,,,35-24-160,,35-24-160 VLV AV
,,,35-24-164,,35-24-164 VLV HV
,,,35-24-1095,,35-24-1095 VLV NC
,,,35-24-216,,35-24-216 VLV HV
,,35-24-025,,,35-24-025 PP-600 DIS LN
,,,35-24-227,,35-24-227 VLV HV
,,,35-24-1106,,35-24-1106 VLV NC
,,,35-24-161,,35-24-161 VLV HV
,,35-24-027,,,35-24-027 PP-250 LN
,,,35-24-1096,,35-24-1096 VLV CHK
,,35-24-029,,,35-24-029 PP-600 LN
,,35-24L007.1,,,35-24L007.1
,,35-24L007.2,,,35-24L007.2
,,35-24L007.3,,,35-24L007.3
,,35-24L007.4,,,35-24L007.4
BR1,35-24L008,,,5001-PM03-BR-BR1-35-24L008,35-24L008 WINDER PLPR HP-33G2
,,35-24-008.1,,,35-24-008.1 WINDER PLPR MTR 200KW
,,35-24-008.2,,,35-24-008.2 WINDER PLPR MTR 200KW
,,35-24-009,,,35-24-009 PP-600 IN LN
,,,35-24-181,,35-24-181 VLV NC
,,,35-24-1088,,35-24-1088 VLV NC
,,35-24-007,,,35-24-007 PP-200 FD LN
,,,35-24-180,,35-24-180 VLV HV
,,,35-24-1094,,35-24-1094 VLV CHK
,,,35-24-184,,35-24-184 VLV NC FLS
,,,35-24LV2-513,,35-24LV2-513 LVL CTRL VLV
,,35-24-011,,,35-24-011 PP-250 DIS LN
,,,35-24-1100,,35-24-1100 VLV HV
,,,35-24-226,,35-24-226 VLV CHK
,,,35-24LV1-513,,35-24LV1-513 LVL CTRL VLV
,,35-24L008.1,,,35-24L008.1
,,35-24L008.2,,,35-24L008.2
,,35-24L008.3,,,35-24L008.3
,,35-24L008.4,,,35-24L008.4
BR1,35-24L009,,,5001-PM03-BR-BR1-35-24L009,35-24L009 BROKE ROLL PLPR 141BDTPD
,,35-24LC-674,,,35-24LC-674 LVL CTRL
,,35-24-009.1,,,35-24-009.1 PLPR MTR 160KW 1500RPM
,,35-24-186,,,35-24-186 WAF-100 IN LN
,,35-24-187,,,35-24-187 WAF-100 IN LN
,,,35-24-220,,35-24-220 VLV HV 001-100
,,35-24-188,,,35-24-188 WAF-80 IN LN
,,35-24-189,,,35-24-189 PP-300 LN
,,35-24-191,,,35-24-191 PP-250 LN
,,,35-24-196,,35-24-196 VLV NC 355-250
,,,35-24-221,,35-24-221 VLV NC 003-50
,,35-24-193,,,35-24-193 PP-100 FD LN
,,,35-24-199,,35-24-199 VLV NC 003-15
,,35-24-192,,,35-24-192 PP-200 FD LN
,,,35-24LV1-674,,35-24LV1-674 LVL CTRL VLV AV 150
,,,35-24LV2-674,,35-24LV2-674 LVL CTRL VLV AV 80
,,,35-24-198,,35-24-198 VLV NC 003-50
,,35-24-190,,,35-24-190 PP-200 OUT LN
,,,35-24-194,,35-24-194 VLV HV 350-200
,,35-24-197,,,35-24-197 VLV HV 001-80
,,35-24L009.1,,,35-24L009.1
,,35-24L009.2,,,35-24L009.2
,,35-24-009.2,,,35-24-009.2
,,35-24L009.3,,,35-24L009.3
,,35-24-009.3,,,35-24-009.3
,,35-24L009.4,,,35-24L009.4
,,35-24-009.4,,,35-24-009.4
BR1,35-24L010,,,5001-PM03-BR-BR1-35-24L010,35-24L010 BROKE SCRN PROFS-250HC
,,35-24-010.1,,,35-24-010.1 BROKE SCRN MTR 160KW
,,35-24SC-645,,,35-24SC-645 BROKE SCRN SPD CTRL
,,35-24LC-646,,,35-24LC-646 BROKE SCRN LVL CTRL
,,35-24-169,,,35-24-169 PSR-100 FD LN
,,,35-24HV-642,,35-24HV-642 ISOL VLV AV
,,35-24-168,,,35-24-168 PSR-100 REJ LN
,,,35-24-013,,35-24-013 VLV NC
,,35-24-166,,,35-24-166 PSR-200 ACPT LN
,,,35-24FV-644,,35-24FV-644 FL CTRL VLV AV
,,35-24-170,,,35-24-170 PP-300 FD HEADER
,,,35-24FV-640,,35-24FV-640 FL CTRL VLV AV
,,,35-24-015,,35-24-015 VLV NC
,,35-24L010.1,,,35-24L010.1
,,35-24L010.2,,,35-24L010.2
,,35-24-010.2,,,35-24-010.2
,,35-24L010.3,,,35-24L010.3
,,35-24-010.3,,,35-24-010.3
,,35-24L010.4,,,35-24L010.4
,,35-24-010.4,,,35-24-010.4
BR1,35-24L011,,,5001-PM03-BR-BR1-35-24L011,35-24L011 BROKE CVYR 1
,,35-24-108,,,35-24-108 PP-100 LN
,,,35-24HV-591,,35-24HV-591 ISOL VLV AV NC
,,35-24-100,,,35-24-100 PP-250 LN
,,35-24-101,,,35-24-101 PP-150 LN
,,35-24-089,,,35-24-089 LN
,,35-24LI-587,,,35-24LI-587 LVL IND
,,35-24L011.1,,,35-24L011.1
,,35-24-011.1,,,35-24-011.1
,,35-24L011.2,,,35-24L011.2
,,35-24-011.2,,,35-24-011.2
,,35-24L011.3,,,35-24L011.3
,,35-24-011.3,,,35-24-011.3
,,35-24L011.4,,,35-24L011.4
,,35-24-011.4,,,35-24-011.4
BR1,35-24P501,,,5001-PM03-BR-BR1-35-24P501,35-24P501 COUCH PIT PMP
,,35-24-120,,,35-24-120 SUCT LN PP-900
,,,35-24-1125,,35-24-1125 SUCT ISOL VLV NC
,,35-24-119,,,35-24-119 DIS LN PP-300
,,,35-24-1138,,35-24-1138 DIS BRANCH VLV NC
,,,35-24-072,,35-24-072 DIS VLV NC
,,35-24-118,,,35-24-118 RECIRC LN PP-200
,,35-24-235,,,35-24-235 DIS BRANCH LN
,,,35-24LV1-609,,35-24LV1-609 LVL CTRL VLV AV
,,,35-24LV2-609,,35-24LV2-609 LVL CTRL VLV AV
,,,35-24LV3-609,,35-24LV3-609 LVL CTRL VLV AV
,,35-24P501.1,,,35-24P501.1
,,35-24-501.1,,,35-24-501.1
,,35-24P501.2,,,35-24P501.2
,,35-24-501.2,,,35-24-501.2
,,35-24P501.3,,,35-24P501.3
,,35-24-501.3,,,35-24-501.3
,,35-24P501.4,,,35-24P501.4
,,35-24-501.4,,,35-24-501.4
,,35-24-117,,,35-24-117
BR1,35-24P502,,,5001-PM03-BR-BR1-35-24P502,35-24P502 COUCH PIT PMP
,,35-24-117,,,35-24-117 SUCT LN PP-250
,,,35-24-078,,35-24-078 ISOL VLV HV
,,,35-24-075,,35-24-075 ISOL VLV NC
,,,35-24-1125,,35-24-1125 ISOL VLV NC
,,35-24-119,,,35-24-119 DIS LN PP-300
,,,35-24-1101,,35-24-1101 ISOL VLV NC
,,,35-24-074,,35-24-074 ISOL VLV NC
,,35-24-120,,,35-24-120 DIS LN PP-900
,,35-24-118,,,35-24-118 LN PP-200
,,35-24P502.1,,,35-24P502.1
,,35-24-502.1,,,35-24-502.1
,,35-24P502.2,,,35-24P502.2
,,35-24-502.2,,,35-24-502.2
,,35-24P502.3,,,35-24P502.3
,,35-24-502.3,,,35-24-502.3
,,35-24P502.4,,,35-24P502.4
,,35-24-502.4,,,35-24-502.4
BR1,35-24P503,,,5001-PM03-BR-BR1-35-24P503,35-24P503 PRESS PLPR GRBX OL PMP
,,35-24-096,,,35-24-096 PP-900 SUCT/DIS LN
,,,35-24LV2-576,,35-24LV2-576 LVL CTRL VLV AV
,,,35-24-217,,35-24-217 ISOL VLV NC
,,,35-24-093,,35-24-093 ISOL VLV NC
,,35-24-095,,,35-24-095 PP-200 MAIN LN
,,,35-24-207,,35-24-207 ISOL VLV HV
,,35-24-234,,,35-24-234 SUCT LN 350-500
,,35-24-1105,,,35-24-1105 CONN LN
,,35-24P503.1,,,35-24P503.1
,,35-24-503.1,,,35-24-503.1
,,35-24P503.2,,,35-24P503.2
,,35-24-503.2,,,35-24-503.2
,,35-24P503.3,,,35-24P503.3
,,35-24-503.3,,,35-24-503.3
,,35-24P503.4,,,35-24P503.4
,,35-24-503.4,,,35-24-503.4
BR1,35-24P504,,,5001-PM03-BR-BR1-35-24P504,35-24P504 BROKE CONV 1 PMP
,,35-24P504,,,35-24P504 PMP 4KW 1500RPM
,,35-24-100,,,35-24-100 SUCT LN PP-250
,,35-24-101,,,35-24-101 LN PP-150
,,35-24-108,,,35-24-108 DIS LN PP-100
,,,35-24HV-591,,35-24HV-591 ISOL VLV HV
,,,35-24LI-587,,35-24LI-587 LVL IND
,,35-24-090,,,35-24-090 LN 003-50
,,,35-24FV-593,,35-24FV-593 FL CTRL VLV AV
,,35-24P504.1,,,35-24P504.1
,,35-24-504.1,,,35-24-504.1
,,35-24P504.2,,,35-24P504.2
,,35-24-504.2,,,35-24-504.2
,,35-24P504.3,,,35-24P504.3
,,35-24-504.3,,,35-24-504.3
,,35-24P504.4,,,35-24P504.4
,,35-24-504.4,,,35-24-504.4
BR1,35-24P505,,,5001-PM03-BR-BR1-35-24P505,35-24P505 SIZE PRESS PLPR PMP
,,35-24-221,,,35-24-221 SUCT LN PP-80
,,,35-24LV1-560,,35-24LV1-560 LVL CTRL VLV AV
,,,35-24LV2-560,,35-24LV2-560 LVL CTRL VLV AV
,,35-24-078,,,35-24-078 DIS LN PP-900
,,35-24-077,,,35-24-077 LN PP-250
,,35-24-111,,,35-24-111 LN 003-15
,,,35-24-110,,35-24-110 VLV NC
,,35-24-113,,,35-24-113 LN 003-50
,,,35-24-108,,35-24-108 VLV NC
,,35-24-107,,,35-24-107 LN 001-80
,,35-24LC-560,,,35-24LC-560 LVL CTRL INST
,,35-24P505.1,,,35-24P505.1
,,35-24-505.1,,,35-24-505.1
,,35-24P505.2,,,35-24P505.2
,,35-24-505.2,,,35-24-505.2
,,35-24P505.3,,,35-24P505.3
,,35-24-505.3,,,35-24-505.3
,,35-24P505.4,,,35-24P505.4
,,35-24-505.4,,,35-24-505.4
BR1,35-24P506,,,5001-PM03-BR-BR1-35-24P506,35-24P506 REEL PLPR PMP
,,35-24P506,,,35-24P506 PMP 250KW 1000RPM
,,35-24-220,,,35-24-220 SUCT LN PP-80
,,,35-24LV2-537,,35-24LV2-537 LVL VLV AV
,,,35-24-147,,35-24-147 SUCT BRANCH 003-50
,,35-24-044,,,35-24-044 DIS LN PP-900
,,,35-24-145,,35-24-145 DIS BRANCH 001-80
,,,35-24-1128,,35-24-1128 DIS BRANCH 003-50
,,35-24NC-538,,,35-24NC-538 NC INST
,,35-24P506.1,,,35-24P506.1
,,35-24-506.1,,,35-24-506.1
,,35-24P506.2,,,35-24P506.2
,,35-24-506.2,,,35-24-506.2
,,35-24P506.3,,,35-24P506.3
,,35-24-506.3,,,35-24-506.3
,,35-24P506.4,,,35-24P506.4
,,35-24-506.4,,,35-24-506.4
BR1,35-24P507,,,5001-PM03-BR-BR1-35-24P507,35-24P507 BROKE CONV 3 PMP
,,35-24P507.1,,,35-24P507.1 PMP MTR
,,35-24-049,,,35-24-049 PP-800 SUCT HDR
,,35-24-047,,,35-24-047 PP-150 SUCT LN
,,35-24-046,,,35-24-046 PP-250 DIS LN
,,,35-24FV-550,,35-24FV-550 FL CTRL VLV AV
,,35-24-051,,,35-24-051 PP-100 BYP LN
,,,35-24HV-548,,35-24HV-548 ISOL VLV AV
,,35-24-052,,,35-24-052 WAF-300 LN
,,35-24-507.1,,,35-24-507.1
,,35-24P507.2,,,35-24P507.2
,,35-24-507.2,,,35-24-507.2
,,35-24P507.3,,,35-24P507.3
,,35-24-507.3,,,35-24-507.3
,,35-24P507.4,,,35-24P507.4
,,35-24-507.4,,,35-24-507.4
BR1,35-24P508,,,5001-PM03-BR-BR1-35-24P508,35-24P508 SLABBING PLPR PMP
,,35-24LC-518,,,35-24LC-518 LVL CTRL INST
,,35-24LV1-518,,,35-24LV1-518 LVL CTRL VLV AV
,,35-24LV2-518,,,35-24LV2-518 LVL CTRL VLV AV
,,35-24-1095,,,35-24-1095 SUCT SPOOL 003-50
,,,35-24-216,,35-24-216 DRN SPOOL 001-80 NC
,,35-24-1106,,,35-24-1106 DIS SPOOL 003-50
,,,35-24-161,,35-24-161 DRN SPOOL 001-80 NC
,,35-24-025,,,35-24-025 DIS LN PP-600
,,,35-24-227,,35-24-227 VLV NC
,,35-24-023,,,35-24-023 SUCT LN PP-200
,,35-24-164,,,35-24-164 SPOOL 003-15
,,35-24P508.1,,,35-24P508.1
,,35-24-508.1,,,35-24-508.1
,,35-24P508.2,,,35-24P508.2
,,35-24-508.2,,,35-24-508.2
,,35-24P508.3,,,35-24P508.3
,,35-24-508.3,,,35-24-508.3
,,35-24P508.4,,,35-24P508.4
,,35-24-508.4,,,35-24-508.4
BR1,35-24P509,,,5001-PM03-BR-BR1-35-24P509,35-24P509 GB OL PMP
,,35-24-009,,,35-24-009 SUCT LN PP-600
,,,35-24-186,,35-24-186 ISOL VLV HV
,,,35-24-187,,35-24-187 ISOL VLV NC
,,,35-24-1088,,35-24-1088 CHK VLV CHK
,,35-24-007,,,35-24-007 DIS LN PP-200
,,,35-24-181,,35-24-181 ISOL VLV AV
,,35-24P509.1,,,35-24P509.1
,,35-24-509.1,,,35-24-509.1
,,35-24P509.2,,,35-24P509.2
,,35-24-509.2,,,35-24-509.2
,,35-24P509.3,,,35-24P509.3
,,35-24-509.3,,,35-24-509.3
,,35-24P509.4,,,35-24P509.4
,,35-24-509.4,,,35-24-509.4
,,35-24-184,,,35-24-184
,,35-24-226,,,35-24-226
,,35-24-011,,,35-24-011
BR1,35-24P510,,,5001-PM03-BR-BR1-35-24P510,35-24P510 BROKE PMP
,,35-24P510,,,35-24P510 BROKE PMP 615L/S 1100KW
,,35-24-062,,,35-24-062 SUCT LN PP-250
,,,35-24LV1-559,,35-24LV1-559 LVL CTRL VLV AV
,,,35-24-205,,35-24-205 ISOL VLV HV
,,,35-24-129,,35-24-129 ISOL VLV HV
,,,35-24-130,,35-24-130 ISOL VLV HV
,,,35-24-131,,35-24-131 DRN VLV NC DRN
,,35-24-065,,,35-24-065 DIS LN PP-300
,,,35-24-1114,,35-24-1114 CHECK VLV CHK
,,,35-24-1099,,35-24-1099 ISOL VLV HV
,,35-24-066,,,35-24-066 DIS HDR PP-900
,,,35-24NV1-557,,35-24NV1-557 CTRL VLV NC AV
,,,35-24NV2-557,,35-24NV2-557 CTRL VLV AV
,,,35-24-126,,35-24-126 ISOL VLV HV
,,,35-24-123,,35-24-123 ISOL VLV HV
,,35-24P510.1,,,35-24P510.1
,,35-24-510.1,,,35-24-510.1
,,35-24P510.2,,,35-24P510.2
,,35-24-510.2,,,35-24-510.2
,,35-24P510.3,,,35-24P510.3
,,35-24-510.3,,,35-24-510.3
,,35-24P510.4,,,35-24P510.4
,,35-24-510.4,,,35-24-510.4
BR1,35-24P511,,,5001-PM03-BR-BR1-35-24P511,35-24P511 BROKE COLLECTION PMP
,,35-24-062,,,35-24-062 SUCT HEADER PP-250
,,,35-24-130,,35-24-130 VLV NC FLS
,,,35-24-129,,35-24-129 VLV HV
,,35-24-065,,,35-24-065 SUCT LN PP-300
,,,35-24-1114,,35-24-1114 VLV NC
,,,35-24-1099,,35-24-1099 VLV NC
,,35-24-066,,,35-24-066 DIS LN PP-900
,,,35-24-1098,,35-24-1098 VLV NC
,,,35-24-229,,35-24-229 VLV HV
,,35-24P511.1,,,35-24P511.1
,,35-24-511.1,,,35-24-511.1
,,35-24P511.2,,,35-24P511.2
,,35-24-511.2,,,35-24-511.2
,,35-24P511.3,,,35-24P511.3
,,35-24-511.3,,,35-24-511.3
,,35-24P511.4,,,35-24P511.4
,,35-24-511.4,,,35-24-511.4
,,35-24-067,,,35-24-067
BR1,35-24P512,,,5001-PM03-BR-BR1-35-24P512,35-24P512 BROKE SYS PMP
,,35-24-137,,,35-24-137 SUCT LN WAF-125
,,,35-24-049,,35-24-049 ISOL VLV NC
,,35-24-134,,,35-24-134 SUCT LN WAF-125
,,,35-24-209,,35-24-209 ISOL VLV AV
,,,35-24-048,,35-24-048 ISOL VLV NC
,,35-24-135,,,35-24-135 DIS LN PP-400
,,,35-24-045,,35-24-045 CHK VLV CHK
,,,35-24-047,,35-24-047 ISOL VLV NC
,,,35-24HV-618,,35-24HV-618 CTRL VLV AV
,,,35-24NV-616,,35-24NV-616 ISOL VLV AV NC
,,35-24-044,,,35-24-044 ISOL VLV HV
,,35-24P512.1,,,35-24P512.1
,,35-24-512.1,,,35-24-512.1
,,35-24P512.2,,,35-24P512.2
,,35-24-512.2,,,35-24-512.2
,,35-24P512.3,,,35-24P512.3
,,35-24-512.3,,,35-24-512.3
,,35-24P512.4,,,35-24P512.4
,,35-24-512.4,,,35-24-512.4
BR1,35-24P513,,,5001-PM03-BR-BR1-35-24P513,35-24P513 BR1 BROKE PMP
,,35-24-158,,,35-24-158 SUCT LN PP-400
,,,35-24-021,,35-24-021 SUCT ISOL VLV HV
,,35-24-212,,,35-24-212 DIS LN PP-100
,,,35-24-019,,35-24-019 DIS ISOL VLV HV
,,,35-24-1091,,35-24-1091 VLV HV
,,,35-24HV-636,,35-24HV-636 ISOL VLV AV
,,35-24-201,,,35-24-201 VLV HV
,,35-24HV-633,,,35-24HV-633 ISOL VLV AV
,,35-24-1093,,,35-24-1093 VLV NC
,,35-24NV-634,,,35-24NV-634 VLV NC
,,35-24P513.1,,,35-24P513.1
,,35-24-513.1,,,35-24-513.1
,,35-24P513.2,,,35-24P513.2
,,35-24-513.2,,,35-24-513.2
,,35-24P513.3,,,35-24P513.3
,,35-24-513.3,,,35-24-513.3
,,35-24P513.4,,,35-24P513.4
,,35-24-513.4,,,35-24-513.4
BR1,35-24P514,,,5001-PM03-BR-BR1-35-24P514,35-24P514 BROKE STOR PMP
,,35-24-131,,,35-24-131 SUCT LN PP-700
,,,35-24-057,,35-24-057 ISOL VLV HV
,,,35-24-058,,35-24-058 ISOL VLV HV
,,35-24-132,,,35-24-132 DIS LN PP-500
,,,35-24-049,,35-24-049 VLV NC
,,,35-24-209,,35-24-209 VLV NC FLS
,,,35-24FC-613,,35-24FC-613 FL CTRL
,,35-24-133,,,35-24-133 DIS LN PP-500
,,,35-24-1132,,35-24-1132 VLV NC
,,,35-24-055,,35-24-055 VLV NC
,,,35-24-1133,,35-24-1133 VLV NC
,,,35-24-1104,,35-24-1104 VLV NC
,,,35-24-051,,35-24-051 DRN VLV NC
,,35-24-135,,,35-24-135 DIS LN PP-400
,,,35-24HV-615,,35-24HV-615 ISOL VLV AV
,,35-24-130,,,35-24-130 LN PP-200
,,,35-24-056,,35-24-056 ISOL VLV HV
,,35-24P514.1,,,35-24P514.1
,,35-24-514.1,,,35-24-514.1
,,35-24P514.2,,,35-24P514.2
,,35-24-514.2,,,35-24-514.2
,,35-24P514.3,,,35-24P514.3
,,35-24-514.3,,,35-24-514.3
,,35-24P514.4,,,35-24P514.4
,,35-24-514.4,,,35-24-514.4
,,35-24-048,,,35-24-048
BR1,35-24P515,,,5001-PM03-BR-BR1-35-24P515,35-24P515 THICKENED BROKE PMP
,,35-24-155,,,35-24-155 SUCT LN PP-150
,,,35-24-025,,35-24-025 SUCT ISOL VLV HV
,,35-24-156,,,35-24-156 SUCT LN PP-400
,,,35-24-026,,35-24-026 SUCT ISOL VLV HV
,,,35-24-024,,35-24-024 SUCT ISOL VLV HV
,,,35-24-1137,,35-24-1137 SUCT VLV NC
,,35-24-158,,,35-24-158 DISCH LN PP-400
,,,35-24-021,,35-24-021 DISCH CHK VLV CHK
,,,35-24HV-633,,35-24HV-633 DISCH ISOL VLV AV
,,,35-24NV-634,,35-24NV-634 DISCH VLV NC
,,35-24-154,,,35-24-154 RECIRC LN PP-700
,,,35-24-201,,35-24-201 RECIRC VLV HV
,,35-24FC-631,,,35-24FC-631 FL CONTROLLER
,,35-24P515.1,,,35-24P515.1
,,35-24-515.1,,,35-24-515.1
,,35-24P515.2,,,35-24P515.2
,,35-24-515.2,,,35-24-515.2
,,35-24P515.3,,,35-24P515.3
,,35-24-515.3,,,35-24-515.3
,,35-24P515.4,,,35-24P515.4
,,35-24-515.4,,,35-24-515.4
,,35-24-027,,,35-24-027
BR1,35-24P516,,,5001-PM03-BR-BR1-35-24P516,35-24P516 BROKE FLTRT PMP
,,35-24-145,,,35-24-145 SUCT LN WAA-300
,,,35-24-1117,,35-24-1117 ISOL VLV NC
,,35-24-146,,,35-24-146 DIS LN WAA-400
,,,35-24-036,,35-24-036 ISOL VLV HV
,,,35-24-035,,35-24-035 ISOL VLV HV
,,35-24-200,,,35-24-200 CTRL VLV AV
,,35-24P516.1,,,35-24P516.1
,,35-24-516.1,,,35-24-516.1
,,35-24P516.2,,,35-24P516.2
,,35-24-516.2,,,35-24-516.2
,,35-24P516.3,,,35-24P516.3
,,35-24-516.3,,,35-24-516.3
,,35-24P516.4,,,35-24P516.4
,,35-24-516.4,,,35-24-516.4
,,35-24-148,,,35-24-148
,,35-24-144,,,35-24-144
BR1,35-24P517,,,5001-PM03-BR-BR1-35-24P517,35-24P517 BROKE DOS PMP
,,35-24-177,,,35-24-177 SUCT HDR PP-250
,,35-24-178,,,35-24-178 SUCT LN PP-350
,,,35-24-004,,35-24-004 ISOL VLV HV
,,,35-24-003,,35-24-003 ISOL VLV HV
,,35-24-176,,,35-24-176 DRN LN PP-150
,,35-24-181,,,35-24-181 DIS LN PP-300
,,,35-24-002,,35-24-002 ISOL VLV NC
,,,35-24-001,,35-24-001 ISOL VLV HV
,,,35-24-215,,35-24-215 ISOL VLV NC
,,35-24P517.1,,,35-24P517.1
,,35-24-517.1,,,35-24-517.1
,,35-24P517.2,,,35-24P517.2
,,35-24-517.2,,,35-24-517.2
,,35-24P517.3,,,35-24P517.3
,,35-24-517.3,,,35-24-517.3
,,35-24P517.4,,,35-24P517.4
,,35-24-517.4,,,35-24-517.4
BR1,35-24P518,,,5001-PM03-BR-BR1-35-24P518,35-24P518 BROKE REJ PMP
,,35-24-174,,,35-24-174 SUCT LN PSR-250
,,,35-24-1121,,35-24-1121 ISOL VLV HV
,,,35-24-009,,35-24-009 ISOL VLV NC
,,,35-24-008,,35-24-008 ISOL VLV NC
,,,35-24-011,,35-24-011 ISOL VLV HV
,,35-24-172,,,35-24-172 SUCT PIT LN PSR-150
,,35-24-176,,,35-24-176 DIS LN PP-150
,,,35-24-006,,35-24-006 ISOL VLV HV
,,,35-24HV-649,,35-24HV-649 CTRL VLV AV-M
,,,35-24-214,,35-24-214 ISOL VLV NC
,,35-24P518.1,,,35-24P518.1
,,35-24-518.1,,,35-24-518.1
,,35-24P518.2,,,35-24P518.2
,,35-24-518.2,,,35-24-518.2
,,35-24P518.3,,,35-24P518.3
,,35-24-518.3,,,35-24-518.3
,,35-24P518.4,,,35-24P518.4
,,35-24-518.4,,,35-24-518.4
BR1,35-24P519,,,5001-PM03-BR-BR1-35-24P519,35-24P519 BROKE ROLL PLPR PMP
,,35-24-191,,,35-24-191 SUCT LN PP-250
,,,35-24-196,,35-24-196 ISOL VLV HV
,,,35-24-221,,35-24-221 ISOL VLV NC
,,,35-24-197,,35-24-197 ISOL VLV HV
,,35-24-193,,,35-24-193 DIS LN PP-100
,,,35-24-199,,35-24-199 ISOL VLV AV
,,,35-24-198,,35-24-198 ISOL VLV NC
,,35-24-192,,,35-24-192 LN PP-200
,,,35-24-220,,35-24-220 ISOL VLV HV
,,35-24LV1-674,,,35-24LV1-674 LVL CTRL VLV AV
,,35-24LV2-674,,,35-24LV2-674 LVL CTRL VLV AV
,,35-24P519.1,,,35-24P519.1
,,35-24-519.1,,,35-24-519.1
,,35-24P519.2,,,35-24P519.2
,,35-24-519.2,,,35-24-519.2
,,35-24P519.3,,,35-24P519.3
,,35-24-519.3,,,35-24-519.3
,,35-24P519.4,,,35-24P519.4
,,35-24-519.4,,,35-24-519.4
BR1,35-24P520,,,5001-PM03-BR-BR1-35-24P520,35-24P520 REEL PLPR PMP
,,35-24-043,,,35-24-043 SUCT LN PP-300
,,,35-24LV1-537,,35-24LV1-537 LVL CTRL VLV AV
,,,35-24XS-667,,35-24XV-667 ISOL VLV AV
,,35-24-223,,,35-24-223 DIS LN PP-100
,,,35-24LV2-537,,35-24LV2-537 LVL CTRL VLV AV
,,,35-24FV-696,,35-24FV-696 FL CTRL VLV AV
,,35-24-1131,,,35-24-1131 SUCT SPOOL 350-400
,,35-24-1112,,,35-24-1112 DIS SPOOL 003-15
,,35-24P520.1,,,35-24P520.1
,,35-24-520.1,,,35-24-520.1
,,35-24P520.2,,,35-24P520.2
,,35-24-520.2,,,35-24-520.2
,,35-24P520.3,,,35-24P520.3
,,35-24-520.3,,,35-24-520.3
,,35-24P520.4,,,35-24P520.4
,,35-24-520.4,,,35-24-520.4
,,35-24-040,,,35-24-040
BR1,35-24T601,,,5001-PM03-BR-BR1-35-24T601,35-24T601 COUCH PIT TNK 176M3
,,35-24-113,,,35-24-113 IN LN PP-800
,,35-24-115,,,35-24-115 LN WAF-250
,,35-24-112,,,35-24-112 LN WAF-400
,,35-24-110,,,35-24-110 LN WAF-100
,,35-24-117,,,35-24-117 LN PP-250
,,,35-24-078,,35-24-078 VLV HV
,,35-24-118,,,35-24-118 LN PP-200
,,,35-24-079,,35-24-079 VLV HV
,,35-24-119,,,35-24-119 LN PP-300
,,,35-24-1101,,35-24-1101 VLV NC
,,,35-24-074,,35-24-074 VLV NC
,,35-24-120,,,35-24-120 LN PP-900
,,,35-24-1125,,35-24-1125 VLV NC
,,,35-24-075,,35-24-075 VLV NC
,,35-24KV-595,,,35-24KV-595 TNK LVL CTRL VLV
,,35-24HV-597,,,35-24HV-597 TNK LVL INST
,,35-24FV-598,,,35-24FV-598 TNK FL CTRL VLV
,,35-24T601.1,,,35-24T601.1
,,35-24-601.1,,,35-24-601.1
,,35-24T601.2,,,35-24T601.2
,,35-24-601.2,,,35-24-601.2
,,35-24T601.3,,,35-24T601.3
,,35-24-601.3,,,35-24-601.3
,,35-24T601.4,,,35-24T601.4
,,35-24-601.4,,,35-24-601.4
BR1,35-24T602,,,5001-PM03-BR-BR1-35-24T602,35-24T602 BROKE STOR TWR TNK
,,35-24LI-611,,,35-24LI-611 TNK LVL IND
,,35-24FC-613,,,35-24FC-613 FL CONTROLLER
,,35-24-127,,,35-24-127 PP-800 IN LN
,,,35-24XS-671,,35-24XV-671 ISOL VLV AV NC
,,,35-24-1129,,35-24-1129 VLV AV
,,,35-24-069,,35-24-069 VLV HV
,,35-24-124,,,35-24-124 WAB-20 WTR ADD LN
,,35-24-135,,,35-24-135 PP-400 LN
,,35-24-131,,,35-24-131 PP-700 OUT LN
,,,35-24-057,,35-24-057 VLV NC
,,,35-24-058,,35-24-058 VLV NC
,,35-24-132,,,35-24-132 PP-500 LN
,,35-24-133,,,35-24-133 PP-500 LN
,,,35-24-1132,,35-24-1132 VLV AV-M NC
,,,35-24-055,,35-24-055 VLV NC
,,,35-24-1104,,35-24-1104 VLV NC
,,,35-24-1133,,35-24-1133 VLV AV-M NC
,,35-24-130,,,35-24-130 PP-200 OUT LN
,,,35-24-056,,35-24-056 VLV HV
,,35-24-049,,,35-24-049 VLV HV
,,35-24-048,,,35-24-048 VLV HV
,,35-24-051,,,35-24-051 VLV NC
,,35-24T602.1,,,35-24T602.1
,,35-24-602.1,,,35-24-602.1
,,35-24T602.2,,,35-24T602.2
,,35-24-602.2,,,35-24-602.2
,,35-24T602.3,,,35-24T602.3
,,35-24-602.3,,,35-24-602.3
,,35-24T602.4,,,35-24T602.4
,,35-24-602.4,,,35-24-602.4
BR1,35-24T603,,,5001-PM03-BR-BR1-35-24T603,35-24T603 BROKE COLLECTION TNK 40M3
,,35-24LC-559,,,35-24LC-559 LVL CONTROLLER
,,35-24-071,,,35-24-071 IN LN PP
,,,35-24-229,,35-24-229 VLV AV
,,35-24-072,,,35-24-072 IN LN PP-700
,,35-24-065,,,35-24-065 IN LN PP-300
,,,35-24-1114,,35-24-1114 VLV HV
,,,35-24-1099,,35-24-1099 VLV HV
,,35-24-066,,,35-24-066 IN LN PP-900
,,,35-24-1098,,35-24-1098 VLV AV
,,,35-24-121,,35-24-121 VLV NC
,,35-24-067,,,35-24-067 OUT LN PP-150
,,,35-24-1130,,35-24-1130 VLV AV
,,,35-24-123,,35-24-123 VLV NC
,,,35-24-126,,35-24-126 VLV HV
,,35-24-074,,,35-24-074 WTR ADDITION WAB-20
,,35-24-208,,,35-24-208 LN PP-100
,,35-24T603.1,,,35-24T603.1
,,35-24-603.1,,,35-24-603.1
,,35-24T603.2,,,35-24T603.2
,,35-24-603.2,,,35-24-603.2
,,35-24T603.3,,,35-24T603.3
,,35-24-603.3,,,35-24-603.3
,,35-24T603.4,,,35-24T603.4
,,35-24-603.4,,,35-24-603.4
BR1,35-24T604,,,5001-PM03-BR-BR1-35-24T604,35-24T604 BROKE FLTRT TNK 40M3
,,35-24LC-621,,,35-24LC-621 LVL CONTROLLER
,,35-24-146,,,35-24-146 WAA-400 IN LN
,,,35-24-1136,,35-24-1136 VLV NC
,,35-24-145,,,35-24-145 WAA-300 LN
,,,35-24-036,,35-24-036 VLV HV
,,,35-24-1117,,35-24-1117 VLV NC
,,35-24-148,,,35-24-148 WAA-150 OUT LN
,,,35-24-035,,35-24-035 VLV NC
,,35-24-150,,,35-24-150 WAA-400 IN LN
,,35-24-144,,,35-24-144 WAA-200 LN
,,35-24T604.1,,,35-24T604.1
,,35-24-604.1,,,35-24-604.1
,,35-24T604.2,,,35-24T604.2
,,35-24-604.2,,,35-24-604.2
,,35-24T604.3,,,35-24T604.3
,,35-24-604.3,,,35-24-604.3
,,35-24T604.4,,,35-24T604.4
,,35-24-604.4,,,35-24-604.4
BR1,35-24T605,,,5001-PM03-BR-BR1-35-24T605,35-24T605 THICKENED BROKE TNK 70M3
,,35-24L405,,,35-24L405 THICKENED BROKE TNK AGI
,,35-24LV-622,,,35-24LV-622 LVL CTRL VLV AV
,,35-24-151,,,35-24-151 IN LN PP-600
,,35-24-152,,,35-24-152 OVRFL LN PP-300
,,35-24-154,,,35-24-154 DIS LN PP-700
,,,35-24-027,,35-24-027 ISOL VLV HV
,,,35-24-026,,35-24-026 ISOL VLV HV
,,35-24-155,,,35-24-155 DRN LN PP-150
,,,35-24-025,,35-24-025 DRN VLV HV
,,,35-24-1137,,35-24-1137 VLV NC
,,35-24-156,,,35-24-156 LN PP-400
,,,35-24-024,,35-24-024 ISOL VLV HV
,,35-24-1136,,,35-24-1136 LN VLV NC
,,35-24T605.1,,,35-24T605.1
,,35-24-605.1,,,35-24-605.1
,,35-24T605.2,,,35-24T605.2
,,35-24-605.2,,,35-24-605.2
,,35-24T605.3,,,35-24T605.3
,,35-24-605.3,,,35-24-605.3
,,35-24T605.4,,,35-24T605.4
,,35-24-605.4,,,35-24-605.4
BR1,35-24T606,,,5001-PM03-BR-BR1-35-24T606,35-24T606 BROKE REJ TNK 15M3
,,35-24LC-646,,,35-24LC-646 LVL CTRL
,,35-24-173,,,35-24-173 PSR-250 IN LN
,,35-24-169,,,35-24-169 PSR-100 LN
,,,35-24-013,,35-24-013 VLV HV
,,35-24-168,,,35-24-168 PSR-100 LN
,,35-24-172,,,35-24-172 PSR-150 OUT LN
,,,35-24-011,,35-24-011 VLV NC
,,35-24-174,,,35-24-174 PSR-250 OUT LN
,,,35-24-1121,,35-24-1121 VLV NC
,,,35-24-009,,35-24-009 VLV NC
,,,35-24-008,,35-24-008 VLV NC
,,35-24T606.1,,,35-24T606.1
,,35-24-606.1,,,35-24-606.1
,,35-24T606.2,,,35-24T606.2
,,35-24-606.2,,,35-24-606.2
,,35-24T606.3,,,35-24T606.3
,,35-24-606.3,,,35-24-606.3
,,35-24T606.4,,,35-24T606.4
,,35-24-606.4,,,35-24-606.4
BR1,35-24T607,,,5001-PM03-BR-BR1-35-24T607,35-24T607 BROKE DOS TNK 35M3
,,35-24LC-650,,,35-24LC-650 LVL CONTROLLER
,,35-24HV-649,,,35-24HV-649 ISOL VLV HV
,,35-24-177,,,35-24-177 PP-250 IN LN
,,35-24-178,,,35-24-178 PP-350 OUT LN
,,,35-24-004,,35-24-004 VLV AV
,,35-24-176,,,35-24-176 PP-150 OUT LN
,,,35-24-003,,35-24-003 VLV NC
,,35-24-214,,,35-24-214 VLV NC
,,35-24T607.1,,,35-24T607.1
,,35-24-607.1,,,35-24-607.1
,,35-24T607.2,,,35-24T607.2
,,35-24-607.2,,,35-24-607.2
,,35-24T607.3,,,35-24T607.3
,,35-24-607.3,,,35-24-607.3
,,35-24T607.4,,,35-24T607.4
,,35-24-607.4,,,35-24-607.4
BR1,35-24ES-508,,,5001-PM03-BR-BR1-35-24ES-508,35-24ES-508 WINDER AREA EMRG STOP
BR1,35-24ES-601,,,5001-PM03-BR-BR1-35-24ES-601,35-24ES-601 UTM E-STOP
,,35-24XS-600,,,35-24XS-600 MCS SIGNALS
BR1,35-24ES-662,,,5001-PM03-BR-BR1-35-24ES-662,35-24ES-662 BROKE THICKENER EMRG STOP
BR1,35-24ES-663,,,5001-PM03-BR-BR1-35-24ES-663,35-24ES-663 BROKE THICKENER E-STOP
,,35-24-159,,,35-24-159
,,35-24-152,,,35-24-152
BR1,35-24ES-683,,,5001-PM03-BR-BR1-35-24ES-683,35-24ES-683 BROK ROLL PLPR EMRG STOP
BR1,35-24HI-501,,,5001-PM03-BR-BR1-35-24HI-501,35-24HI-501 HI HND IND
,,35-24-006,,,35-24-006 WAF-200 LN
,,,35-24HV-501,,35-24HV-501 ISOL VLV HV
BR1,35-24HI-503,,,5001-PM03-BR-BR1-35-24HI-503,35-24HI-503 WNDR PLPR SHW S5 S6 IND
BR1,35-24HI-516,,,5001-PM03-BR-BR1-35-24HI-516,35-24HI-516 WNDR PLPR SHW S1 S2 IND
BR1,35-24HI-529,,,5001-PM03-BR-BR1-35-24HI-529,35-24HI-529 SLABBING PLPR SHW S1
BR1,35-24HI-532,,,5001-PM03-BR-BR1-35-24HI-532,35-24HI-532 HIGH IND INSTR
,,35-24-034,,,35-24-034 WAF 150 LN
,,,35-24HV-532,,35-24HV-532 ISOL VLV HV
BR1,35-24HI-534,,,5001-PM03-BR-BR1-35-24HI-534,35-24HI-534 HIGH IND
,,35-24-057,,,35-24-057 WAF LN 350
,,,35-24HV-534,,35-24HV-534 ISOL VLV HV
BR1,35-24HI-552,,,5001-PM03-BR-BR1-35-24HI-552,35-24HI-552 REEL PLPR TAIL SHW ST IND
BR1,35-24HI-555,,,5001-PM03-BR-BR1-35-24HI-555,35-24HI-555 REEL PLPR SHW S1 IND
BR1,35-24HI-572,,,5001-PM03-BR-BR1-35-24HI-572,35-24HI-572 HI WAF LVL IND
,,35-24-083,,,35-24-083 WAF-300 LN
,,,35-24HV-572,,35-24HV-572 ISOL VLV AV
,,35-24-084,,,35-24-084
,,35-24-086,,,35-24-086
,,35-24-088,,,35-24-088
,,35-24-089,,,35-24-089
,,35-24-081,,,35-24-081
BR1,35-24HI-575,,,5001-PM03-BR-BR1-35-24HI-575,35-24HI-575 HIGH IND
,,35-24-089,,,35-24-089 WAF-300 LN
,,,35-24HV-575,,35-24HV-575 ISOL VLV AV
,,35-24-088,,,35-24-088
,,35-24-086,,,35-24-086
,,35-24-084,,,35-24-084
BR1,35-24HI-580,,,5001-PM03-BR-BR1-35-24HI-580,35-24HI-580 PRESS PLPR SHW S1 IND
BR1,35-24HI-583,,,5001-PM03-BR-BR1-35-24HI-583,35-24HI-583 PRESS PLPR SHW S2 HI
,,35-24-184,,,35-24-184
,,35-24-094,,,35-24-094
,,35-24-098,,,35-24-098
,,35-24-107,,,35-24-107
BR1,35-24HI-597,,,5001-PM03-BR-BR1-35-24HI-597,35-24HI-597 COUCH PIT SHW S1 IND
BR1,35-24HI-623,,,5001-PM03-BR-BR1-35-24HI-623,35-24HI-623 BROKE THICKENER LVL HI
,,35-24-030,,,35-24-030 OVRFL LN 001-65
,,,35-24HV-623,,35-24HV-623 CTRL VLV AV NC
BR1,35-24HI-633,,,5001-PM03-BR-BR1-35-24HI-633,35-24HI-633 BROKE THICKENER HI
,,35-24HV-633,,,35-24HV-633 CTRL VLV AV NC
BR1,35-24HI-652,,,5001-PM03-BR-BR1-35-24HI-652,35-24HI-652 HIGH IND
,,35-24HV-652,,,35-24HV-652 ISOL VLV HV
,,35-24-035,,,35-24-035 WAF-350 LN
BR1,35-24HI-653,,,5001-PM03-BR-BR1-35-24HI-653,35-24HI-653 REEL PLPR SHW S2 IND
BR1,35-24HI-654,,,5001-PM03-BR-BR1-35-24HI-654,35-24HI-654 PRESS PLPR SHW S3 IND
,,35-24-184,,,35-24-184
,,35-24-094,,,35-24-094
,,35-24-098,,,35-24-098
,,35-24-107,,,35-24-107
,,35-24-105,,,35-24-105
BR1,35-24HS-501,,,5001-PM03-BR-BR1-35-24HS-501,35-24HS-501 HS BROKE DIL VLV CTRL
,,35-24-006,,,35-24-006 WAF-200 LN
,,,35-24HV-501,,35-24HV-501 ISOL VLV AV
,,35-24-004,,,35-24-004
,,35-24-018,,,35-24-018
,,35-24-016,,,35-24-016
BR1,35-24HS-503,,,5001-PM03-BR-BR1-35-24HS-503,35-24HS-503 WNDR PLPR SHW S5 S6 HS
BR1,35-24HS-509,,,5001-PM03-BR-BR1-35-24HS-509,35-24HS-509 WNDR PLPR START/STOP HS
BR1,35-24HS-516,,,5001-PM03-BR-BR1-35-24HS-516,35-24HS-516 WNDR PLPR SHOWERS S1 S2 HS
BR1,35-24HS-522,,,5001-PM03-BR-BR1-35-24HS-522,35-24HS-522 SLBG PLPR START STOP HS
BR1,35-24HS-529,,,5001-PM03-BR-BR1-35-24HS-529,35-24HS-529 SLABBING PLPR SHW S1 HS
BR1,35-24HS-532,,,5001-PM03-BR-BR1-35-24HS-532,35-24HS-532 HS SELECTOR SW
,,35-24-034,,,35-24-034 WAF 150 LN
,,,35-24HV-532,,35-24HV-532 ISOL VLV HV
,,35-24-156,,,35-24-156
BR1,35-24HS-534,,,5001-PM03-BR-BR1-35-24HS-534,35-24HS-534 REEL PLPR SHW S3 HS
BR1,35-24HS-542,,,5001-PM03-BR-BR1-35-24HS-542,35-24HS-542 REEL PLPR START/STOP HS
BR1,35-24HS-552,,,5001-PM03-BR-BR1-35-24HS-552,35-24HS-552 REEL PLPR TAIL SHW START
BR1,35-24HS-555,,,5001-PM03-BR-BR1-35-24HS-555,35-24HS-555 HND SW BROKE SEL
,,35-24-055,,,35-24-055 WAF-100 LN
,,,35-24HV-555,,35-24HV-555 ISOL VLV AV
,,35-24-056,,,35-24-056
,,35-24-053,,,35-24-053
,,35-24-036,,,35-24-036
,,35-24-052,,,35-24-052
,,35-24-035,,,35-24-035
BR1,35-24HS-563,,,5001-PM03-BR-BR1-35-24HS-563,35-24HS-563 SIZE PRESS PLPR SHW ST/SP
BR1,35-24HS-572,,,5001-PM03-BR-BR1-35-24HS-572,35-24HS-572 SPPLPR SHWRS S1 TAIL HS
BR1,35-24HS-575,,,5001-PM03-BR-BR1-35-24HS-575,35-24HS-575 HND SW
,,35-24-089,,,35-24-089 WAF-300 LN
,,,35-24HV-575,,35-24HV-575 ISOL VLV AV NC
,,35-24-088,,,35-24-088
,,35-24-086,,,35-24-086
,,35-24-084,,,35-24-084
,,35-24-083,,,35-24-083
,,35-24-087,,,35-24-087
BR1,35-24HS-580,,,5001-PM03-BR-BR1-35-24HS-580,35-24HS-580 PRESS PLPR SHW S1 HS
BR1,35-24HS-583,,,5001-PM03-BR-BR1-35-24HS-583,35-24HS-583 HND SW
,,35-24HV-583,,,35-24HV-583 ISOL VLV AV NC
BR1,35-24HS-585,,,5001-PM03-BR-BR1-35-24HS-585,35-24HS-585 PRESS PLPR START STOP
BR1,35-24HS-597,,,5001-PM03-BR-BR1-35-24HS-597,35-24HS-597 COUCH PIT SHW S1 HS
BR1,35-24HS-626,,,5001-PM03-BR-BR1-35-24HS-626,35-24HS-626 BROKE THKR HS
,,35-24-152,,,35-24-152
BR1,35-24HS-628,,,5001-PM03-BR-BR1-35-24HS-628,35-24HS-628 BROKE THICKENER HS
,,35-24HV-628,,,35-24HV-628 ISOL VLV AV
,,35-24-152,,,35-24-152
BR1,35-24HS-629,,,5001-PM03-BR-BR1-35-24HS-629,35-24HS-629 BROKE THKR LOC/REMOTE SW
,,35-24-152,,,35-24-152
BR1,35-24HS-630,,,5001-PM03-BR-BR1-35-24HS-630,35-24HS-630 BROKE THICKENER JOG SW
BR1,35-24HS-652,,,5001-PM03-BR-BR1-35-24HS-652,35-24HS-652 HND SW STN
,,35-24-035,,,35-24-035 WAF-350 LN
,,,35-24HV-652,,35-24HV-652 ISOL VLV HV
,,35-24-057,,,35-24-057
,,35-24-056,,,35-24-056
BR1,35-24HS-653,,,5001-PM03-BR-BR1-35-24HS-653,35-24HS-653 REEL PLPR SHW S2 HS
BR1,35-24HS-654,,,5001-PM03-BR-BR1-35-24HS-654,35-24HS-654 PRESS PLPR SHW S3 HS
BR1,35-24HS-664,,,5001-PM03-BR-BR1-35-24HS-664,35-24HS-664 COUCH PIT START STOP
BR1,35-24HS-682,,,5001-PM03-BR-BR1-35-24HS-682,35-24HS-682 BROK ROLL PLPR START/STOP
BR1,35-24KJ-510,,,5001-PM03-BR-BR1-35-24KJ-510,35-24KJ-510 WINDER PLPR START PB
BR1,35-24KJ-511,,,5001-PM03-BR-BR1-35-24KJ-511,35-24KJ-511 WNDR PLPR STOP PUSHBTN
BR1,35-24KJ-523,,,5001-PM03-BR-BR1-35-24KJ-523,35-24KJ-523 SLABBING PLPR START
BR1,35-24KJ-524,,,5001-PM03-BR-BR1-35-24KJ-524,35-24KJ-524 SLABBING PLPR STOP
BR1,35-24KJ-543,,,5001-PM03-BR-BR1-35-24KJ-543,35-24KJ-543 REEL PLPR START
BR1,35-24KJ-544,,,5001-PM03-BR-BR1-35-24KJ-544,35-24KJ-544 REEL PULPR STOP
BR1,35-24KJ-564,,,5001-PM03-BR-BR1-35-24KJ-564,35-24KJ-564 SIZE PRESS PLPR START
,,35-24-077,,,35-24-077
BR1,35-24KJ-565,,,5001-PM03-BR-BR1-35-24KJ-565,35-24KJ-565 SIZE PRESS PLPR STOP
BR1,35-24KJ-589,,,5001-PM03-BR-BR1-35-24KJ-589,35-24KJ-589 PRESS PLPR START
BR1,35-24KJ-590,,,5001-PM03-BR-BR1-35-24KJ-590,35-24KJ-590 PRESS PLPR STOP CMD
BR1,35-24KJ-602,,,5001-PM03-BR-BR1-35-24KJ-602,35-24KJ-602 COUCH PIT START
BR1,35-24KJ-603,,,5001-PM03-BR-BR1-35-24KJ-603,35-24KJ-603 COUCH PIT STOP
,,35-24-118,,,35-24-118
,,35-24-119,,,35-24-119
,,35-24-120,,,35-24-120
BR1,35-24KJ-684,,,5001-PM03-BR-BR1-35-24KJ-684,35-24KJ-684 BROK ROLL PLPR START
BR1,35-24KJ-685,,,5001-PM03-BR-BR1-35-24KJ-685,35-24KJ-685 BROK ROLL PLPR STOP
BR1,35-24KJ-686,,,5001-PM03-BR-BR1-35-24KJ-686,35-24KJ-686 BROKE THKR START SEQ
BR1,35-24KJ-687,,,5001-PM03-BR-BR1-35-24KJ-687,35-24KJ-687 BROKE THKR STOP SEQ
BR1,35-24KJ-688,,,5001-PM03-BR-BR1-35-24KJ-688,35-24KJ-688 BROKE SCRN START SEQ
BR1,35-24KJ-689,,,5001-PM03-BR-BR1-35-24KJ-689,35-24KJ-689 BROKE SCRNG STOP SEQ
,,35-24-170,,,35-24-170
BR1,35-24XS-541,,,5001-PM03-BR-BR1-35-24XS-541,35-24XS-541 REEL PLPR MCS SIG
BR1,35-24XS-562,,,5001-PM03-BR-BR1-35-24XS-562,35-24XS-562 SIZE PRESS PLPR MCS SIG
BR1,35-24XS-588,,,5001-PM03-BR-BR1-35-24XS-588,35-24XS-588 PRESS PLPR MCS SIGNAL
BR1,35-24XS-600,,,5001-PM03-BR-BR1-35-24XS-600,35-24XS-600 COUCH PIT MCS SIGNALS
,,35-24-118,,,35-24-118
,,35-24-119,,,35-24-119
,,35-24-120,,,35-24-120
BR1,35-24XS-690,,,5001-PM03-BR-BR1-35-24XS-690,35-24XS-690 SLABBING PLPR MCS SIG
BR1,35-24XS-691,,,5001-PM03-BR-BR1-35-24XS-691,35-24XS-691 WNDR AREA MCS SIG
BR1,35-24XS-692,,,5001-PM03-BR-BR1-35-24XS-692,35-24XS-692 BROK ROLL PLPR MCS SIG
BR1,35-24-008,,,5001-PM03-BR-BR1-35-24-008,35-24-008 WINDER PLPR WFL LN
,,35-24-008.1,,,35-24-008.1 MTR
,,35-24-008.2,,,35-24-008.2 MTR
,,35-24-008.3,,,35-24-008.3 GB OL PMP MTR
,,35-24-008.4,,,35-24-008.4 GB OL PMP MTR
,,35-24TV-9251,,,35-24TV-9251 CTRL VLV AV
,,35-24-185,,,35-24-185 001-15 VLV HV
,,35-24-188,,,35-24-188 001-15 VLV HV
,,35-24-1089,,,35-24-1089 003-15 BRANCH SPOOL
,,,35-24PI-9252,,35-24PI-9252 PRESS IND
,,,35-24FI-9253,,35-24FI-9253 FL IND
,,,35-24FS-506,,35-24FS-506 FS
,,35-24-008,,,35-24-008
BR1,35-24-010,,,5001-PM03-BR-BR1-35-24-010,35-24-010 WNDR PLPR RTR2 GRBX OL LN
,,35-24-1116,,,35-24-1116 ISOL VLV NC
,,,35-24PI-9254,,35-24PI-9254 PRESS IND
,,,35-24FI-9255,,35-24FI-9255 FL IND
,,,35-24FS-507,,35-24FS-507 FS
,,35-24-010,,,35-24-010
,,35-24-1089,,,35-24-1089
,,35-24-175,,,35-24-175
BR1,35-24-012,,,5001-PM03-BR-BR1-35-24-012,35-24-012 WFL 15 PROC LN
,,35-24-175,,,35-24-175 003-15 VLV NC
,,,35-24PI-9256,,35-24PI-9256 PRESS IND
,,,35-24FI-9257,,35-24FI-9257 FL IND
,,,35-24FS-512,,35-24FS-512 FS
,,35-24-012,,,35-24-012
,,35-24-1089,,,35-24-1089
BR1,35-24-016,,,5001-PM03-BR-BR1-35-24-016,35-24-016 WAF 250 HEADER LN
,,35-24NV-504,,,35-24NV-504 ISOL VLV NC
,,35-24HV-516,,,35-24HV-516 ISOL VLV HV
,,35-24KV-517,,,35-24KV-517 ISOL VLV HV
,,,35-24KS-517,,35-24KS-517 KEY SW
,,35-24HV-503,,,35-24HV-503 ISOL VLV HV
,,35-24HV-501,,,35-24HV-501 ISOL VLV HV
,,35-24-016,,,35-24-016
,,35-24-011,,,35-24-011
BR1,35-24-017,,,5001-PM03-BR-BR1-35-24-017,35-24-017 WAF 300 LN
,,35-24-171,,,35-24-171 VLV HV
,,35-24-017,,,35-24-017
BR1,35-24-024,,,5001-PM03-BR-BR1-35-24-024,35-24-024 WFL LN DN15
,,35-24TV-9261,,,35-24TV-9261 TEMP CTRL VLV AV
,,35-24-165,,,35-24-165 ISOL VLV HV
,,35-24-163,,,35-24-163 ISOL VLV NC
,,,35-24PI-9262,,35-24PI-9262 PR IND
,,,35-24FI-9263,,35-24FI-9263 FL IND
,,,35-24FS-521,,35-24FS-521 FS
,,35-24-159,,,35-24-159 ISOL VLV NC
,,,35-24PI-9264,,35-24PI-9264 PR IND
,,,35-24FI-9265,,35-24FI-9265 FL IND
,,,35-24FS-525,,35-24FS-525 FS
,,,35-24PI-9266,,35-24PI-9266 PR IND
,,,35-24FI-9267,,35-24FI-9267 FL IND
,,35-24-024,,,35-24-024
BR1,35-24-026,,,5001-PM03-BR-BR1-35-24-026,35-24-026 WFL 15 GB OL LUB LN
,,35-24-159,,,35-24-159 VLV NC DRN
,,,35-24PI-9266,,35-24PI-9266 PRESS IND
,,,35-24FI-9267,,35-24FI-9267 FL IND
,,,35-24FS-527,,35-24FS-527 FS
,,35-24-026,,,35-24-026
BR1,35-24-028,,,5001-PM03-BR-BR1-35-24-028,35-24-028 WFL LN 15MM
,,35-24-157,,,35-24-157 VLV NC DRN 003-15
,,35-24PI-9266,,,35-24PI-9266 PI
,,35-24FI-9267,,,35-24FI-9267 FI
,,35-24FS-527,,,35-24FS-527 FS
,,35-24-028,,,35-24-028
BR1,35-24-030,,,5001-PM03-BR-BR1-35-24-030,35-24-030 WAF 250 HEADER LN
,,35-24-027,,,35-24-027 PP-250 BRANCH LN
,,,35-24-1096,,35-24-1096 REDUCER 350-250
,,35-24-029,,,35-24-029 PP-600 BRANCH LN
,,35-24NV-519,,,35-24NV-519 ISOL VLV NC
,,,35-24-156,,35-24-156 DRN BRANCH 003-50
,,35-24-217,,,35-24-217 WAF-150 BRANCH
,,,35-24HV-693,,35-24HV-693 ISOL VLV HV
,,35-24-218,,,35-24-218 WAF-150 BRANCH
,,,35-24HV-694,,35-24HV-694 ISOL VLV HV
,,35-24-033,,,35-24-033 WAF-100 BRANCH
,,,35-24KV-530,,35-24KV-530 ISOL VLV HV
,,,35-24KS-530,,35-24KS-530 KEY SW
,,35-24-034,,,35-24-034 WAF-150 BRANCH
,,,35-24HV-532,,35-24HV-532 ISOL VLV HV
,,35-24-030,,,35-24-030
BR1,35-24-032,,,5001-PM03-BR-BR1-35-24-032,35-24-032 WAF 300 LN
,,35-24-155,,,35-24-155 ISOL VLV HV
,,35-24-032,,,35-24-032
BR1,35-24-042,,,5001-PM03-BR-BR1-35-24-042,35-24-042 WFL LN DN15
,,35-24-1107,,,35-24-1107 BRANCH SPOOL 003-15
,,,35-24PI-9270,,35-24PI-9270 PR IND
,,,35-24FI-9271,,35-24FI-9271 FL IND
,,,35-24FS-540,,35-24FS-540 FS
,,,35-24TV-9269,,35-24TV-9269 TEMP CTRL VLV AV NC
,,35-24-042,,,35-24-042
BR1,35-24-045,,,5001-PM03-BR-BR1-35-24-045,35-24-045 WFL LN DN15
,,35-24-139,,,35-24-139 003-15 ISOL VLV HV
,,,35-24PI-9272,,35-24PI-9272 PRESS IND
,,,35-24FI-9273,,35-24FI-9273 FL IND
,,,35-24FS-545,,35-24FS-545 FS
,,35-24-045,,,35-24-045
,,35-24-1107,,,35-24-1107
,,35-24-136,,,35-24-136
,,35-24-005.1,,,35-24-005.1
BR1,35-24-048,,,5001-PM03-BR-BR1-35-24-048,35-24-048 GB OL WFL LN
,,35-24-136,,,35-24-136 003-15 ISOL VLV HV
,,,35-24PI-9276,,35-24PI-9276 PRESS IND
,,,35-24FI-9277,,35-24FI-9277 FL IND
,,,35-24FS-546,,35-24FS-546 FL SW
,,35-24-048,,,35-24-048
,,35-24-139,,,35-24-139
,,35-24-135,,,35-24-135
,,35-24-1107,,,35-24-1107
BR1,35-24-050,,,5001-PM03-BR-BR1-35-24-050,35-24-050 WFL LN DN15
,,35-24-135,,,35-24-135 ISOL VLV HV
,,,35-24PI-9276,,35-24PI-9276 PR IND
,,,35-24FI-9277,,35-24FI-9277 FL IND
,,,35-24FS-549,,35-24FS-549 FS
,,35-24-050,,,35-24-050
,,35-24-136,,,35-24-136
,,35-24-139,,,35-24-139
BR1,35-24-052,,,5001-PM03-BR-BR1-35-24-052,35-24-052 WAF 300 DIST HDR LN
,,35-24FV-550,,,35-24FV-550 FL CTRL VLV AV
,,35-24-138,,,35-24-138 ISOL VLV HV
,,35-24-053,,,35-24-053 WAF 100 BRANCH LN
,,,35-24HV-552,,35-24HV-552 ISOL VLV AV
,,35-24-055,,,35-24-055 WAF 100 BRANCH LN
,,,35-24KV-553,,35-24KV-553 ISOL VLV AV
,,,35-24KS-553,,35-24KS-553 POSITION SW
,,35-24-056,,,35-24-056 WAF 350 BRANCH LN
,,,35-24HV-555,,35-24HV-555 ISOL VLV AV
,,35-24-057,,,35-24-057 WAF 350 BRANCH LN
,,,35-24HV-653,,35-24HV-653 ISOL VLV AV
,,35-24-036,,,35-24-036 WAF 350 BRANCH LN
,,,35-24HV-534,,35-24HV-534 ISOL VLV AV
,,35-24-052,,,35-24-052
BR1,35-24-054,,,5001-PM03-BR-BR1-35-24-054,35-24-054 WAF 500 HEADER LN
,,35-24-134,,,35-24-134 101-500 ISOL VLV HV
,,35-24-054,,,35-24-054
BR1,35-24-056,,,5001-PM03-BR-BR1-35-24-056,35-24-056 WAF-350 BROKE HDR LN
,,35-24FV-550,,,35-24FV-550 FL CTRL VLV AV
,,35-24HV-552,,,35-24HV-552 ISOL VLV AV
,,35-24KV-553,,,35-24KV-553 ISOL VLV AV
,,,35-24KS-553,,35-24KS-553 KS INST
,,35-24HV-555,,,35-24HV-555 ISOL VLV AV
,,35-24HV-653,,,35-24HV-653 ISOL VLV AV
,,35-24HV-534,,,35-24HV-534 ISOL VLV AV
,,35-24HV-652,,,35-24HV-652 ISOL VLV AV
,,35-24-138,,,35-24-138 BRANCH LN 003-50
,,35-24-056,,,35-24-056
BR1,35-24-061,,,5001-PM03-BR-BR1-35-24-061,35-24-061 WFL 15 PROC LN
,,35-24-1118,,,35-24-1118 VLV NC 003-15
,,,35-24PI-9278,,35-24PI-9278 PRESS IND
,,,35-24FI-9279,,35-24FI-9279 FI
,,,35-24FS-556,,35-24FS-556 FS
,,35-24-061,,,35-24-061
BR1,35-24-063,,,5001-PM03-BR-BR1-35-24-063,35-24-063 WAF-250 BROKE LN
,,35-24-061,,,35-24-061 WFL-15 BRANCH LN
,,,35-24-1118,,35-24-1118 VLV NC
,,,35-24PI-9278,,35-24PI-9278 PI
,,,35-24FI-9279,,35-24FI-9279 FI
,,,35-24FS-556,,35-24FS-556 FS
,,35-24-219,,,35-24-219 WFL-15 BRANCH LN
,,,35-24-1115,,35-24-1115 VLV NC
,,,35-24PI-9338,,35-24PI-9338 PI
,,,35-24FI-9339,,35-24FI-9339 FI
,,,35-24FS-695,,35-24FS-695 FS
,,35-24NV1-557,,,35-24NV1-557 CTRL VLV NC AV
,,35-24NV2-557,,,35-24NV2-557 VLV HV
,,35-24-063,,,35-24-063
BR1,35-24-068,,,5001-PM03-BR-BR1-35-24-068,35-24-068 WFL LN DN15
,,35-24-068,,,35-24-068 WFL LN DN15
,,,35-24-119,,35-24-119 ISOL VLV NC
,,,35-24PI-9280,,35-24PI-9280 PI
,,,35-24FI-9281,,35-24FI-9281 FI
,,,35-24FS-558,,35-24FS-558 FS
,,35-24-219,,,35-24-219 WFL LN DN15
,,,35-24-225,,35-24-225 ISOL VLV NC
,,,35-24PI-9338,,35-24PI-9338 PI
,,,35-24FI-9339,,35-24FI-9339 FI
,,,35-24FS-695,,35-24FS-695 FS
,,35-24-1115,,,35-24-1115 VLV AV-M
BR1,35-24-076,,,5001-PM03-BR-BR1-35-24-076,35-24-076 WFL LN 15 GB OL
,,35-24-109,,,35-24-109 VLV HV
,,,35-24PI-9284,,35-24PI-9284 PI
,,,35-24FI-9285,,35-24FI-9285 FI
,,,35-24FS-567,,35-24FS-567 FS
,,35-24-076,,,35-24-076
BR1,35-24-079,,,5001-PM03-BR-BR1-35-24-079,35-24-079 WFL 15 FL LN
,,35-24-104,,,35-24-104 ISOL VLV HV
,,,35-24PI-9288,,35-24PI-9288 PRESS IND
,,,35-24FI-9289,,35-24FI-9289 FL IND
,,,35-24FS-569,,35-24FS-569 FS
,,35-24-079,,,35-24-079
,,35-24-003.4,,,35-24-003.4
,,35-24-003.3,,,35-24-003.3
BR1,35-24-080,,,5001-PM03-BR-BR1-35-24-080,35-24-080 WFL LN 15MM
,,35-24-104,,,35-24-104 ISOL VLV HV
,,,35-24PI-9288,,35-24PI-9288 PRESS IND
,,,35-24FI-9289,,35-24FI-9289 FL IND
,,,35-24FS-569,,35-24FS-569 FS
,,35-24-080,,,35-24-080
,,35-24-106,,,35-24-106
,,35-24-109,,,35-24-109
BR1,35-24-083,,,5001-PM03-BR-BR1-35-24-083,35-24-083 WAF 300 HEADER LN
,,35-24FV-570,,,35-24FV-570 FL CTRL VLV AV NC
,,35-24-084,,,35-24-084 WAF 100 BRANCH
,,,35-24HV-572,,35-24HV-572 ISOL VLV HV
,,35-24-086,,,35-24-086 WAF 100 BRANCH
,,,35-24KV-573,,35-24KV-573 CTRL VLV AV
,,,35-24KS-573,,35-24KS-573 SPD SW
,,35-24-088,,,35-24-088 WAF 300 BRANCH
,,,35-24HV-651,,35-24HV-651 ISOL VLV HV
,,,35-24-103,,35-24-103 VLV 003-50
,,35-24-089,,,35-24-089 WAF 300 BRANCH
,,,35-24HV-575,,35-24HV-575 ISOL VLV HV
,,35-24-083,,,35-24-083
,,35-24-003.1,,,35-24-003.1
,,35-24-003.2,,,35-24-003.2
BR1,35-24-087,,,5001-PM03-BR-BR1-35-24-087,35-24-087 WAF 500 LN
,,35-24-1119,,,35-24-1119 BRANCH SPOOL 500
,,,35-24-1119,,35-24-1119 VLV HV
,,35-24-087,,,35-24-087
BR1,35-24-088,,,5001-PM03-BR-BR1-35-24-088,35-24-088 WAF LN 300
,,35-24-086,,,35-24-086 WAF LN 100
,,,35-24FV-570,,35-24FV-570 FL VLV AV
,,,35-24FC-570,,35-24FC-570 FL CTRL
,,35-24-084,,,35-24-084 WAF LN 100
,,,35-24HV-572,,35-24HV-572 ISOL VLV HV
,,35-24-083,,,35-24-083 WAF LN 300
,,,35-24KV-573,,35-24KV-573 ISOL VLV AV
,,,35-24KS-573,,35-24KS-573 POS SW
,,35-24-088,,,35-24-088 WAF LN 300
,,,35-24HV-651,,35-24HV-651 ISOL VLV HV
,,35-24-089,,,35-24-089 WAF LN 300
,,,35-24HV-575,,35-24HV-575 ISOL VLV HV
,,35-24-103,,,35-24-103 DRN VLV HV
BR1,35-24-089,,,5001-PM03-BR-BR1-35-24-089,35-24-089 WAF-300 LN
,,35-24HV-575,,,35-24HV-575 ISOL VLV HV
,,35-24-089,,,35-24-089
BR1,35-24-097,,,5001-PM03-BR-BR1-35-24-097,35-24-097 WFL LN 15
,,35-24-094,,,35-24-094 VLV NC DRN
,,35-24PI-9292,,,35-24PI-9292 PRESS IND
,,35-24FI-9293,,,35-24FI-9293 FL IND
,,35-24FS-581,,,35-24FS-581 FS
,,35-24-097,,,35-24-097
,,35-24-001.1,,,35-24-001.1
BR1,35-24-098,,,5001-PM03-BR-BR1-35-24-098,35-24-098 WAF LN 300
,,35-24-108,,,35-24-108 PP LN 100
,,,35-24HV-591,,35-24HV-591 ISOL VLV AV NC
,,35-24-098,,,35-24-098
BR1,35-24-099,,,5001-PM03-BR-BR1-35-24-099,35-24-099 WFL LN BR1
,,35-24-099,,,35-24-099 WFL-15 HEADER LN
,,,35-24PI-9296,,35-24PI-9296 PRESS IND
,,,35-24FI-9297,,35-24FI-9297 FL IND
,,,35-24FS-586,,35-24FS-586 FS
,,,35-24-088,,35-24-088 VLV DRN NC
BR1,35-24-102,,,5001-PM03-BR-BR1-35-24-102,35-24-102 WFL LN BR1
,,35-24-097,,,35-24-097 WFL BRANCH LN
,,,35-24PI-9292,,35-24PI-9292 PRESS IND
,,,35-24FI-9293,,35-24FI-9293 FL IND
,,,35-24FS-581,,35-24FS-581 FL SW
,,,35-24-094,,35-24-094 ISOL VLV HV
,,35-24-099,,,35-24-099 WFL BRANCH LN
,,,35-24PI-9294,,35-24PI-9294 PRESS IND
,,,35-24FI-9295,,35-24FI-9295 FL IND
,,,35-24FS-584,,35-24FS-584 FL SW
,,,35-24-091,,35-24-091 ISOL VLV HV
,,35-24-102,,,35-24-102 WFL BRANCH LN
,,,35-24PI-9296,,35-24PI-9296 PRESS IND
,,,35-24FI-9297,,35-24FI-9297 FL IND
,,,35-24FS-586,,35-24FS-586 FL SW
,,,35-24-088,,35-24-088 ISOL VLV HV
,,35-24-104,,,35-24-104 WFL BRANCH LN
,,,35-24PI-9298,,35-24PI-9298 PRESS IND
,,,35-24FI-9299,,35-24FI-9299 FL IND
,,,35-24FS-592,,35-24FS-592 FL SW
,,,35-24-1124,,35-24-1124 ISOL VLV HV
BR1,35-24-104,,,5001-PM03-BR-BR1-35-24-104,35-24-104 BROKE WFL LN DN15
,,35-24-1124,,,35-24-1124 ISOL VLV NC
,,,35-24PI-9298,,35-24PI-9298 PRESS IND
,,,35-24FI-9299,,35-24FI-9299 FL IND
,,,35-24FS-592,,35-24FS-592 FS
,,35-24-104,,,35-24-104
BR1,35-24-105,,,5001-PM03-BR-BR1-35-24-105,35-24-105 WAF-300 PROC LN
,,35-24-107,,,35-24-107 WAF-100 BRANCH LN
,,35-24-108,,,35-24-108 PP-100 BRANCH LN
,,,35-24HV-591,,35-24HV-591 ISOL VLV AV-M NC
,,35-24-105,,,35-24-105
BR1,35-24-106,,,5001-PM03-BR-BR1-35-24-106,35-24-106 WAF 500 BROKE LN
,,35-24LI-587,,,35-24LI-587 LVL IND
,,35-24-090,,,35-24-090 VLV NC
,,35-24FV-593,,,35-24FV-593 FL CTRL VLV AV
,,35-24KV-594,,,35-24KV-594 VLV AV
,,35-24HV-583,,,35-24HV-583 VLV AV
,,35-24-086,,,35-24-086 ISOL VLV HV
,,35-24-102,,,35-24-102 WFL 15 BRANCH LN
,,,35-24-088,,35-24-088 VLV NC
,,,35-24PI-9296,,35-24PI-9296 PI
,,,35-24FI-9297,,35-24FI-9297 FI
,,,35-24FS-586,,35-24FS-586 FS
,,35-24-104,,,35-24-104 WFL 15 BRANCH LN
,,,35-24-1124,,35-24-1124 VLV NC
,,,35-24PI-9298,,35-24PI-9298 PI
,,,35-24FI-9299,,35-24FI-9299 FI
,,,35-24FS-592,,35-24FS-592 FS
,,35-24-106,,,35-24-106
BR1,35-24-109,,,5001-PM03-BR-BR1-35-24-109,35-24-109 WAF 500 LN
,,35-24HV-654,,,35-24HV-654 ISOL VLV HV
,,35-24HV-580,,,35-24HV-580 ISOL VLV HV
,,35-24HV-583,,,35-24HV-583 ISOL VLV HV
,,35-24-109,,,35-24-109
BR1,35-24-112,,,5001-PM03-BR-BR1-35-24-112,35-24-112 WAF-400 APPROACH FL LN
,,35-24-110,,,35-24-110 WAF-100 BRANCH LN
,,,35-24KV-595,,35-24KV-595 ISOL VLV AV
,,35-24-115,,,35-24-115 WAF-250 BRANCH LN
,,,35-24FV-598,,35-24FV-598 FL CTRL VLV AV
,,,35-24HV-597,,35-24HV-597 ISOL VLV HV
,,,35-24-084,,35-24-084 003-50 ISOL VLV HV
,,35-24-112,,,35-24-112
,,35-24-401.2,,,35-24-401.2
,,35-24-403.2,,,35-24-403.2
BR1,35-24-115,,,5001-PM03-BR-BR1-35-24-115,35-24-115 WAF 250 COUCH PIT FD LN
,,35-24-115,,,35-24-115 WAF 250 PROS LN
,,,35-24HV-597,,35-24HV-597 ISOL VLV AV NC
,,,35-24FV-598,,35-24FV-598 FL CTRL VLV AV
,,,35-24KV-595,,35-24KV-595 ISOL VLV AV
,,35-24-401.2,,,35-24-401.2
,,35-24-403.2,,,35-24-403.2
BR1,35-24-117,,,5001-PM03-BR-BR1-35-24-117,35-24-117 PP-250 COUCH PIT LN
,,35-24-117,,,35-24-117 PP-250 PROS LN
,,35-24-078,,,35-24-078 PP-350 BRANCH SPOOL
,,,35-24-075,,35-24-075 VLV HV
,,35-24-074,,,35-24-074 BRANCH SPOOL 003-50
,,35-24-401.2,,,35-24-401.2
,,35-24-403.2,,,35-24-403.2
BR1,35-24-121,,,5001-PM03-BR-BR1-35-24-121,35-24-121 WFL LN DN15
,,35-24-1109,,,35-24-1109 ISOL VLV HV
,,35-24TV-9301,,,35-24TV-9301 TEMP CTRL VLV AV
,,35-24-073,,,35-24-073 DRN VLV NC DRN
,,35-24PI-9302,,,35-24PI-9302 PRESS IND
,,35-24FI-9303,,,35-24FI-9303 FL IND
,,35-24FS-604,,,35-24FS-604 FS
,,35-24-121,,,35-24-121
,,35-24-403.2,,,35-24-403.2
,,35-24-401.2,,,35-24-401.2
BR1,35-24-122,,,5001-PM03-BR-BR1-35-24-122,35-24-122 WFL LN BR1
,,35-24-122,,,35-24-122 WFL-15 PROS LN
,,,35-24PI-9304,,35-24PI-9304 PI
,,,35-24FI-9305,,35-24FI-9305 FI
,,,35-24FS-606,,35-24FS-606 FS
,,,35-24-070,,35-24-070 VLV DRN NC
BR1,35-24-123,,,5001-PM03-BR-BR1-35-24-123,35-24-123 WFL PROC LN DN15
,,35-24-1103,,,35-24-1103 ISOL VLV HV
,,,35-24PI-9306,,35-24PI-9306 PRESS IND
,,,35-24FI-9307,,35-24FI-9307 FL IND
,,,35-24FS-608,,35-24FS-608 FS
,,35-24-123,,,35-24-123
,,35-24-070,,,35-24-070
,,35-24-1126,,,35-24-1126
,,35-24-073,,,35-24-073
BR1,35-24-125,,,5001-PM03-BR-BR1-35-24-125,35-24-125 WFL PROC LN
,,35-24-125,,,35-24-125 WFL-15 HEADER LN
,,,35-24-1126,,35-24-1126 003-15 ISOL VLV HV
,,,35-24PI-9308,,35-24PI-9308 PI
,,,35-24FI-9309,,35-24FI-9309 FI
,,,35-24FS-610,,35-24FS-610 FS
BR1,35-24-128,,,5001-PM03-BR-BR1-35-24-128,35-24-128 WFL LN DN15
,,35-24-061,,,35-24-061 VLV HV
,,35-24-128,,,35-24-128
BR1,35-24-129,,,5001-PM03-BR-BR1-35-24-129,35-24-129 WFL LN BR1
,,35-24-059,,,35-24-059 VLV NC
,,,35-24PI-9310,,35-24PI-9310 PRESS IND
,,,35-24FI-9311,,35-24FI-9311 FL IND
,,,35-24FS-612,,35-24FS-612 FS
,,35-24-129,,,35-24-129
BR1,35-24-136,,,5001-PM03-BR-BR1-35-24-136,35-24-136 WFL PROC LN
,,35-24-136,,,35-24-136 WFL-15 HEADER LN
,,,35-24-050,,35-24-050 VLV AV NC
,,,35-24PI-9312,,35-24PI-9312 PI
,,,35-24FI-9313,,35-24FI-9313 FI
,,,35-24FS-614,,35-24FS-614 FS
,,35-24-059,,,35-24-059
,,35-24-046,,,35-24-046
BR1,35-24-138,,,5001-PM03-BR-BR1-35-24-138,35-24-138 WFL LN 15MM
,,35-24-046,,,35-24-046 VLV NC 003-15
,,,35-24PI-9314,,35-24PI-9314 PRESS IND
,,,35-24FI-9315,,35-24FI-9315 FL IND
,,,35-24FS-617,,35-24FS-617 FS
,,35-24-138,,,35-24-138
,,35-24-050,,,35-24-050
,,35-24-137,,,35-24-137
BR1,35-24-153,,,5001-PM03-BR-BR1-35-24-153,35-24-153 PROC LN WFL
,,35-24-1134,,,35-24-1134 VLV NC 003-15
,,35-24PI-9318,,,35-24PI-9318 PRESS IND
,,35-24FI-9319,,,35-24FI-9319 FL IND
,,35-24FS-627,,,35-24FS-627 FS
,,35-24-153,,,35-24-153
BR1,35-24-157,,,5001-PM03-BR-BR1-35-24-157,35-24-157 PROC LN WFL
,,35-24-022,,,35-24-022 VLV HV
,,,35-24PI-9320,,35-24PI-9320 PRESS IND
,,,35-24FI-9321,,35-24FI-9321 FL IND
,,,35-24FS-632,,35-24FS-632 FL SW
,,35-24-157,,,35-24-157
BR1,35-24-160,,,5001-PM03-BR-BR1-35-24-160,35-24-160 WFL PROC LN
,,35-24-020,,,35-24-020 VLV HV
,,35-24PI-9322,,,35-24PI-9322 PI
,,35-24FI-9323,,,35-24FI-9323 FI
,,35-24FS-635,,,35-24FS-635 FS
,,35-24-160,,,35-24-160
BR1,35-24-163,,,5001-PM03-BR-BR1-35-24-163,35-24-163 WFL LN DN15
,,35-24-163,,,35-24-163
BR1,35-24-167,,,5001-PM03-BR-BR1-35-24-167,35-24-167 PROC LN WFL DN15
,,35-24-014,,,35-24-014 VLV NC
,,35-24,,,35-24 BRANCH SPOOL
,,,35-24PI-9324,,35-24PI-9324 PI
,,,35-24FI-9325,,35-24FI-9325 FI
,,,35-24FS-643,,35-24FS-643 FS
,,35-24-167,,,35-24-167
BR1,35-24-171,,,5001-PM03-BR-BR1-35-24-171,35-24-171 PROC LN WFL
,,35-24-012,,,35-24-012 VLV NC
,,,35-24PI-9326,,35-24PI-9326 PRESS IND
,,,35-24FI-9327,,35-24FI-9327 FL IND
,,,35-24FS-647,,35-24FS-647 FS
,,35-24-171,,,35-24-171
BR1,35-24-175,,,5001-PM03-BR-BR1-35-24-175,35-24-175 PROC LN WFL
,,35-24-007,,,35-24-007 VLV HV 003-15
,,35-24PI-9328,,,35-24PI-9328 PRESS IND
,,35-24FI-9329,,,35-24FI-9329 FL IND
,,35-24FS-648,,,35-24FS-648 FS
,,35-24-175,,,35-24-175
BR1,35-24-185,,,5001-PM03-BR-BR1-35-24-185,35-24-185 WAF 150 LN
,,35-24-193,,,35-24-193 VLV HV
,,35-24-218,,,35-24-218 VLV HV
,,35-24-185,,,35-24-185
BR1,35-24-194,,,5001-PM03-BR-BR1-35-24-194,35-24-194 WFL 15 FLSH LN
,,35-24-194,,,35-24-194 WFL DN15 LN
,,,35-24PI-9334,,35-24PI-9334 PI
,,,35-24FI-9335,,35-24FI-9335 FI
,,,35-24FS-678,,35-24FS-678 FS
BR1,35-24-195,,,5001-PM03-BR-BR1-35-24-195,35-24-195 WFL LN 15MM
,,35-24-195,,,35-24-195 ISOL VLV HV
,,,35-24PI-9336,,35-24PI-9336 PRESS IND
,,,35-24FI-9337,,35-24FI-9337 FL IND
,,,35-24FS-679,,35-24FS-679 FS
BR1,35-24-203,,,5001-PM03-BR-BR1-35-24-203,35-24-203 WFL LN DN15
,,35-24-203,,,35-24-203 VLV HV DN15
,,,35-24PI-9332,,35-24PI-9332 PRESS IND
,,,35-24FI-9333,,35-24FI-9333 FL IND
,,,35-24FS-657,,35-24FS-657 FS
BR1,35-24-213,,,5001-PM03-BR-BR1-35-24-213,35-24-213 WAF LN DN20
,,35-24-213,,,35-24-213 WAF LN DN20
,,,35-24-222,,35-24-222 ISOL VLV HV DN20
,,,35-24-223,,35-24-223 ISOL VLV HV DN20
,,35-24-214,,,35-24-214 PP LN DN100
,,,35-24XS-681,,35-24XV-681 SO VLV AV NC
BR1,35-24-215,,,5001-PM03-BR-BR1-35-24-215,35-24-215 CLG WTR SEND LN
,,35-24-215,,,35-24-215
BR1,35-24-216,,,5001-PM03-BR-BR1-35-24-216,35-24-216 CLG WTR RTN LN
,,35-24-216,,,35-24-216
BR1,35-24-219,,,5001-PM03-BR-BR1-35-24-219,35-24-219 WFL LN DN15
,,35-24-1115,,,35-24-1115 101-250 VLV HV
,,35-24-225,,,35-24-225 003-15 VLV AV NC
,,35-24-119,,,35-24-119 003-15 VLV AV
,,35-24PI-9338,,,35-24PI-9338 PRESS IND
,,35-24FI-9339,,,35-24FI-9339 FL IND
,,35-24FS-695,,,35-24FS-695 FS
,,35-24-219,,,35-24-219
,,35-24-063,,,35-24-063
BR1,35-24-224,,,5001-PM03-BR-BR1-35-24-224,35-24-224 WFL LN BR1
,,35-24-224,,,35-24-224 003-15 VLV HV
,,,35-24PI-9330,,35-24PI-9330 PRESS IND
,,,35-24FI-9331,,35-24FI-9331 FL IND
,,,35-24FS-656,,35-24FS-656 FS
BR1,35-25-034,,,5001-PM03-BR-BR1-35-25-034,35-25-034 WAF LN 600
,,35-24-123,,,35-24-123 WFL BRANCH 15
,,,35-24-1103,,35-24-1103 VLV NC 003-15
,,35-24-125,,,35-24-125 WFL BRANCH 15
,,,35-24-1126,,35-24-1126 VLV NC 003-15
,,35-25-034,,,35-25-034
BR1,35-25-072,,,5001-PM03-BR-BR1-35-25-072,35-25-072 WAF LN DN350 FM WHT WTR TNK
,,35-24-143,,,35-24-143 WAF LN DN150 BRANCH
,,35-25-072,,,35-25-072
