EQUNR,FUNCTION,EQKTX,TYPE,SOURCE,AI_DESCRIPTION,REASONING
35-24-001.1,35-24L001,HV 35-24-001.1 35-24L001 DRN NC,DRN NC,VISION,35-24-001.1 PRESS PLPR RTR 1 MTR,Tight-crop + legend classification → DRN NC
35-24-001.2,35-24L001,HV 35-24-001.2 35-24L001 CHK,CHK,VISION,35-24-001.2 PRESS PLPR RTR 2 MTR,Tight-crop + legend classification → CHK
35-24-095,35-24L001,HV 35-24-095 35-24L001 NC,NC,VISION,35-24-095 PP-200 FD LN,Tight-crop + legend classification → NC
35-24LV2-576,35-24L001,HV 35-24-2-576 35-24L001 AV FLS,AV FLS,VISION,35-24LV2-576 LVL VLV AV,Tight-crop + legend classification → AV FLS
35-24-234,35-24L001,HV 35-24-234 35-24L001 FLS HV,FLS HV,VISION,35-24-234 VLV NC FLS,Tight-crop + legend classification → FLS HV
35-24-096,35-24L001,HV 35-24-096 35-24L001 DRN NC,DRN NC,VISION,35-24-096 PP-900 LN,Tight-crop + legend classification → DRN NC
35-24-207,35-24L001,HV 35-24-207 35-24L001 NC FLS,NC FLS,VISION,35-24-207 VLV NC FLS,Tight-crop + legend classification → NC FLS
35-24-217,35-24L001,HV 35-24-217 35-24L001 DRN NC,DRN NC,VISION,35-24-217 VLV NC,Tight-crop + legend classification → DRN NC
35-24-1105,35-24L001,HV 35-24-1105 35-24L001 NC FLS,NC FLS,VISION,35-24-1105 CTRL VLV AV,Tight-crop + legend classification → NC FLS
35-24-093,35-24L001,HV 35-24-093 35-24L001 DRN NC,DRN NC,VISION,35-24-093 PP-700 LN,Tight-crop + legend classification → DRN NC
35-24-089,35-24L001,HV 35-24-089 35-24L001 DRN NC,DRN NC,VISION,35-24-089,Tight-crop + legend classification → DRN NC
35-24-033,35-24L002,HV 35-24-033 35-24L002 HV,HV,VISION,35-24-033 VLV NC,Tight-crop + legend classification → HV
35-24LV-622,35-24L002,HV 35-24-622 35-24L002 AV,AV,VISION,35-24LV-622 LVL CTRL VLV AV,Tight-crop + legend classification → AV
35-24-1110,35-24L002,HV 35-24-1110 35-24L002 HV,HV,VISION,35-24-1110 VLV NC,Tight-crop + legend classification → HV
35-24-032,35-24L002,HV 35-24-032 35-24L002 HV,HV,VISION,35-24-032 VLV NC,Tight-crop + legend classification → HV
35-24HV-623,35-24L002,HV 35-24-623 35-24L002 NC,NC,VISION,35-24HV-623 ISOL VLV AV-M,Tight-crop + legend classification → NC
35-24-029,35-24L002,HV 35-24-029 35-24L002 NC,NC,VISION,35-24-029 VLV NC,Tight-crop + legend classification → NC
35-24HV-626,35-24L002,HV 35-24-626 35-24L002 HV,HV,VISION,35-24HV-626 ISOL VLV AV-M,Tight-crop + legend classification → HV
35-24-030,35-24L002,HV 35-24-030 35-24L002 HV,HV,VISION,35-24-030 VLV HV,Tight-crop + legend classification → HV
35-24LV1-560,35-24L003,HV 35-24-1-560 35-24L003 AV,AV,VISION,35-24LV1-560 LVL VLV AV,Tight-crop + legend classification → AV
35-24LV2-560,35-24L003,HV 35-24-2-560 35-24L003 AV,AV,VISION,35-24LV2-560 LVL VLV AV,Tight-crop + legend classification → AV
35-24-078,35-24L003,HV 35-24-078 35-24L003 DRN NC,DRN NC,VISION,35-24-078 PP-900 DIS LN,Tight-crop + legend classification → DRN NC
35-24FV-570,35-24L003,HV 35-24-570 35-24L003 AV,AV,VISION,35-24FV-570 FL VLV AV,Tight-crop + legend classification → AV
35-24-111,35-24L003,HV 35-24-111 35-24L003 CHK,CHK,VISION,35-24-111 PP-LN IN,Tight-crop + legend classification → CHK
35-24-108,35-24L003,HV 35-24-108 35-24L003 NC FLS,NC FLS,VISION,35-24-108 PP-LN,Tight-crop + legend classification → NC FLS
35-24-110,35-24L003,HV 35-24-110 35-24L003 DRN NC,DRN NC,VISION,35-24-110 PP-LN,Tight-crop + legend classification → DRN NC
35-24-107,35-24L003,HV 35-24-107 35-24L003 DRN NC,DRN NC,VISION,35-24-107 PP-LN,Tight-crop + legend classification → DRN NC
35-24-230,35-24L003,HV 35-24-230 35-24L003 HV,HV,VISION,35-24-230 PP-LN IN,Tight-crop + legend classification → HV
35-24-105,35-24L003,HV 35-24-105 35-24L003 DRN NC,DRN NC,VISION,35-24-105 PP-250 LN,Tight-crop + legend classification → DRN NC
35-24HV-572,35-24L003,HV 35-24-572 35-24L003 HV,HV,VISION,35-24HV-572 HND VLV HV,Tight-crop + legend classification → HV
35-24TV-9283,35-24L003,HV 35-24-9283 35-24L003 AV,AV,VISION,35-24TV-9283 TEMP INST,Tight-crop + legend classification → AV
35-24-082,35-24T601,HV 35-24-082 35-24T601 DRN NC,DRN NC,VISION,35-24-082 PP-800 MAIN BROKE LN,Tight-crop + legend classification → DRN NC
35-24-081,35-24L004,HV 35-24-081 35-24L004 HV,HV,VISION,35-24-081 PP-250 BROKE LN,Tight-crop + legend classification → HV
35-24-083,35-24T601,HV 35-24-083 35-24T601 DRN NC,DRN NC,VISION,35-24-083 WAF-300 SHW SUPP,Tight-crop + legend classification → DRN NC
35-24-084,35-24L004,HV 35-24-084 35-24L004 NC FLS,NC FLS,VISION,35-24-084 WAF-100 SHW S2 LN,Tight-crop + legend classification → NC FLS
35-24-086,35-24L004,HV 35-24-086 35-24L004 HV,HV,VISION,35-24-086 WAF-100 SHW S1 LN,Tight-crop + legend classification → HV
35-24-088,35-24L004,HV 35-24-088 35-24L004 HV,HV,VISION,35-24-088 WAF-300 TAIL SHW LN,Tight-crop + legend classification → HV
35-24KV-573,35-24L004,HV 35-24-573 35-24L004 NC FLS,NC FLS,VISION,35-24KV-573 CTRL VLV AV,Tight-crop + legend classification → NC FLS
35-24HV-651,35-24L004,HV 35-24-651 35-24L004 HV,HV,VISION,35-24HV-651 ISOL VLV HV,Tight-crop + legend classification → HV
35-24HV-575,35-24L004,HV 35-24-575 35-24L004 AV,AV,VISION,35-24HV-575 ISOL VLV HV,Tight-crop + legend classification → AV
35-24LV1-537,35-24L005,HV 35-24-1-537 35-24L005 AV,AV,VISION,35-24LV1-537 LVL VLV AV,Tight-crop + legend classification → AV
35-24LV2-537,35-24L005,HV 35-24-2-537 35-24L005 AV,AV,VISION,35-24LV2-537 LVL VLV AV,Tight-crop + legend classification → AV
35-24-223,35-24L005,HV 35-24-223 35-24L005 DRN NC,DRN NC,VISION,35-24-223 PP-100 LN,Tight-crop + legend classification → DRN NC
35-24FV-696,35-24L005,HV 35-24-696 35-24L005 AV,AV,VISION,35-24FV-696 FL CTRL VLV AV,Tight-crop + legend classification → AV
35-24-043,35-24L005,HV 35-24-043 35-24L005 DRN NC,DRN NC,VISION,35-24-043 PP-300 LN,Tight-crop + legend classification → DRN NC
35-24-222,35-24L005,HV 35-24-222 35-24L005 NC FLS,NC FLS,VISION,35-24-222 PP-400 LN,Tight-crop + legend classification → NC FLS
35-24-044,35-24L005,HV 35-24-044 35-24L005 NC FLS,NC FLS,VISION,35-24-044 PP-900 LN,Tight-crop + legend classification → NC FLS
35-24-220,35-24L005,HV 35-24-220 35-24L005 HV,HV,VISION,35-24-220 PP-80 LN,Tight-crop + legend classification → HV
35-24-1131,35-24L005,HV 35-24-1131 35-24L005 HV,HV,VISION,35-24-1131 350-400 BRANCH,Tight-crop + legend classification → HV
35-24-1112,35-24L005,HV 35-24-1112 35-24L005 DRN NC,DRN NC,VISION,35-24-1112 003-15 BRANCH,Tight-crop + legend classification → DRN NC
35-24-1128,35-24L005,HV 35-24-1128 35-24L005 NC FLS,NC FLS,VISION,35-24-1128 003-50 BRANCH,Tight-crop + legend classification → NC FLS
35-24-140,35-24L005,HV 35-24-140 35-24L005 HV,HV,VISION,35-24-140 350-300 LN,Tight-crop + legend classification → HV
35-24-228,35-24L005,HV 35-24-228 35-24L005 HV,HV,VISION,35-24-228 350-500 LN,Tight-crop + legend classification → HV
35-24HV-548,35-24L005,HV 35-24-548 35-24L005 AV,AV,VISION,35-24HV-548 ISOL VLV HV,Tight-crop + legend classification → AV
35-24-005.3,35-24L005,HV 35-24-005.3 35-24L005 HV,HV,VISION,35-24-005.3,Tight-crop + legend classification → HV
35-24-005.4,35-24L005,HV 35-24-005.4 35-24L005 HV,HV,VISION,35-24-005.4,Tight-crop + legend classification → HV
35-24-005.2,35-24L005,HV 35-24-005.2 35-24L005 DRN NC,DRN NC,VISION,35-24-005.2,Tight-crop + legend classification → DRN NC
35-24-005.1,35-24L005,HV 35-24-005.1 35-24L005 DRN NC,DRN NC,VISION,35-24-005.1,Tight-crop + legend classification → DRN NC
35-24-232,35-24L005,HV 35-24-232 35-24L005 HV,HV,VISION,35-24-232 VLV,Tight-crop + legend classification → HV
35-24-233,35-24L005,HV 35-24-233 35-24L005 HV,HV,VISION,35-24-233 VLV,Tight-crop + legend classification → HV
35-24-049,35-24T602,HV 35-24-049 35-24T602 DRN NC,DRN NC,VISION,35-24-049 PP-800 IN LN,Tight-crop + legend classification → DRN NC
35-24-051,35-24L006,HV 35-24-051 35-24L006 NC,NC,VISION,35-24-051 PP-100 OUT LN,Tight-crop + legend classification → NC
35-24-046,35-24L006,HV 35-24-046 35-24L006 HV,HV,VISION,35-24-046 PP-250 LN,Tight-crop + legend classification → HV
35-24-047,35-24L006,HV 35-24-047 35-24L006 CHK,CHK,VISION,35-24-047 PP-150 LN,Tight-crop + legend classification → CHK
35-24-137,35-24L005,HV 35-24-137 35-24L005 DRN NC,DRN NC,VISION,35-24-137 PP-250 SPOOL,Tight-crop + legend classification → DRN NC
35-24LV1-518,35-24L007,HV 35-24-1-518 35-24L007 AV FLS,AV FLS,VISION,35-24LV1-518 LVL VLV HV,Tight-crop + legend classification → AV FLS
35-24LV2-518,35-24L007,HV 35-24-2-518 35-24L007 AV DRN,AV DRN,VISION,35-24LV2-518 LVL VLV AV,Tight-crop + legend classification → AV DRN
35-24-007.1,35-24L007,HV 35-24-007.1 35-24L007 FLS CHK,FLS CHK,VISION,35-24-007.1 PLPR MTR 200KW,Tight-crop + legend classification → FLS CHK
35-24-007.2,35-24L007,HV 35-24-007.2 35-24L007 DRN NC,DRN NC,VISION,35-24-007.2 PLPR MTR 200KW,Tight-crop + legend classification → DRN NC
35-24-160,35-24L007,HV 35-24-160 35-24L007 FLS HV,FLS HV,VISION,35-24-160 VLV NC,Tight-crop + legend classification → FLS HV
35-24-164,35-24L007,HV 35-24-164 35-24L007 HV,HV,VISION,35-24-164 VLV HV,Tight-crop + legend classification → HV
35-24-1095,35-24L007,HV 35-24-1095 35-24L007 NC FLS,NC FLS,VISION,35-24-1095 VLV NC,Tight-crop + legend classification → NC FLS
35-24-216,35-24L007,HV 35-24-216 35-24L007 DRN NC,DRN NC,VISION,35-24-216 VLV NC,Tight-crop + legend classification → DRN NC
35-24-025,35-24L007,HV 35-24-025 35-24L007 DRN NC,DRN NC,VISION,35-24-025 PP-600 PLPR LN,Tight-crop + legend classification → DRN NC
35-24-227,35-24L007,HV 35-24-227 35-24L007 FLS HV,FLS HV,VISION,35-24-227 VLV AV,Tight-crop + legend classification → FLS HV
35-24-1106,35-24L007,HV 35-24-1106 35-24L007 NC FLS,NC FLS,VISION,35-24-1106 VLV NC,Tight-crop + legend classification → NC FLS
35-24-161,35-24L007,HV 35-24-161 35-24L007 DRN NC,DRN NC,VISION,35-24-161 VLV NC,Tight-crop + legend classification → DRN NC
35-24-027,35-24L007,HV 35-24-027 35-24L007 HV,HV,VISION,35-24-027 PP-250 DIS LN,Tight-crop + legend classification → HV
35-24-1096,35-24L007,HV 35-24-1096 35-24L007 DRN NC,DRN NC,VISION,35-24-1096 VLV NC,Tight-crop + legend classification → DRN NC
35-24-008.1,35-24L008,HV 35-24-008.1 35-24L008 DRN NC,DRN NC,VISION,35-24-008.1 WINDER PLPR MTR 200KW,Tight-crop + legend classification → DRN NC
35-24-008.2,35-24L008,HV 35-24-008.2 35-24L008 DRN NC,DRN NC,VISION,35-24-008.2 WINDER PLPR MTR 200KW,Tight-crop + legend classification → DRN NC
35-24-009,35-24L008,HV 35-24-009 35-24L008 DRN NC,DRN NC,VISION,35-24-009 PP-600 IN LN,Tight-crop + legend classification → DRN NC
35-24-181,35-24L008,HV 35-24-181 35-24L008 DRN NC,DRN NC,VISION,35-24-181 VLV NC,Tight-crop + legend classification → DRN NC
35-24-1088,35-24L008,HV 35-24-1088 35-24L008 NC FLS,NC FLS,VISION,35-24-1088 VLV NC,Tight-crop + legend classification → NC FLS
35-24-007,35-24L008,HV 35-24-007 35-24L008 HV,HV,VISION,35-24-007 PP-200 FD LN,Tight-crop + legend classification → HV
35-24-180,35-24L008,HV 35-24-180 35-24L008 HV,HV,VISION,35-24-180 VLV HV,Tight-crop + legend classification → HV
35-24-1094,35-24L008,HV 35-24-1094 35-24L008 FLS CHK,FLS CHK,VISION,35-24-1094 VLV CHK,Tight-crop + legend classification → FLS CHK
35-24-184,35-24L008,HV 35-24-184 35-24L008 CHK,CHK,VISION,35-24-184 VLV NC FLS,Tight-crop + legend classification → CHK
35-24LV2-513,35-24L008,HV 35-24-2-513 35-24L008 AV,AV,VISION,35-24LV2-513 LVL CTRL VLV,Tight-crop + legend classification → AV
35-24-011,35-24L008,HV 35-24-011 35-24L008 DRN NC,DRN NC,VISION,35-24-011 PP-250 DIS LN,Tight-crop + legend classification → DRN NC
35-24-1100,35-24L008,HV 35-24-1100 35-24L008 DRN NC,DRN NC,VISION,35-24-1100 VLV HV,Tight-crop + legend classification → DRN NC
35-24-226,35-24L008,HV 35-24-226 35-24L008 FLS HV,FLS HV,VISION,35-24-226 VLV CHK,Tight-crop + legend classification → FLS HV
35-24LV1-513,35-24L008,HV 35-24-1-513 35-24L008 AV DRN,AV DRN,VISION,35-24LV1-513 LVL CTRL VLV,Tight-crop + legend classification → AV DRN
35-24-009.1,35-24L009,HV 35-24-009.1 35-24L009 HV,HV,VISION,35-24-009.1 PLPR MTR 160KW 1500RPM,Tight-crop + legend classification → HV
35-24LV1-674,35-24L009,HV 35-24-1-674 35-24L009 AV,AV,VISION,35-24LV1-674 LVL VLV 150 AV,Tight-crop + legend classification → AV
35-24LV2-674,35-24L009,HV 35-24-2-674 35-24L009 AV,AV,VISION,35-24LV2-674 LVL VLV 80 AV,Tight-crop + legend classification → AV
35-24-198,35-24L009,HV 35-24-198 35-24L009 NC FLS,NC FLS,VISION,35-24-198 VLV 003-50 NC,Tight-crop + legend classification → NC FLS
35-24-193,35-24L009,HV 35-24-193 35-24L009 HV,HV,VISION,35-24-193 IN LN PP-100,Tight-crop + legend classification → HV
35-24-199,35-24L009,HV 35-24-199 35-24L009 NC,NC,VISION,35-24-199 VLV 003-15 HV,Tight-crop + legend classification → NC
35-24-191,35-24L009,HV 35-24-191 35-24L009 DRN NC,DRN NC,VISION,35-24-191 PLPR CIRC LN PP-250,Tight-crop + legend classification → DRN NC
35-24-196,35-24L009,HV 35-24-196 35-24L009 HV,HV,VISION,35-24-196 VLV 355-250 NC,Tight-crop + legend classification → HV
35-24-221,35-24L009,HV 35-24-221 35-24L009 NC FLS,NC FLS,VISION,35-24-221 VLV 003-50 NC,Tight-crop + legend classification → NC FLS
35-24-197,35-24L009,HV 35-24-197 35-24L009 HV,HV,VISION,35-24-197 VLV 001-80 HV,Tight-crop + legend classification → HV
35-24-189,35-24L009,HV 35-24-189 35-24L009 DRN NC,DRN NC,VISION,35-24-189 PLPR OUT LN PP-300,Tight-crop + legend classification → DRN NC
35-24-190,35-24L009,HV 35-24-190 35-24L009 DRN NC,DRN NC,VISION,35-24-190 DIS LN PP-200,Tight-crop + legend classification → DRN NC
35-24-194,35-24L009,HV 35-24-194 35-24L009 DRN NC,DRN NC,VISION,35-24-194 VLV 350-200 HV,Tight-crop + legend classification → DRN NC
35-24-192,35-24L009,HV 35-24-192 35-24L009 DRN NC,DRN NC,VISION,35-24-192 LN PP-200,Tight-crop + legend classification → DRN NC
35-24-010.1,35-24L010,HV 35-24-010.1 35-24L010 NO,NO,VISION,35-24-010.1 BROKE SCRN MTR 160KW,Tight-crop + legend classification → NO
35-24HV-642,35-24L010,HV 35-24-642 35-24L010 AV,AV,VISION,35-24HV-642 ISOL VLV HV,Tight-crop + legend classification → AV
35-24FV-644,35-24L010,HV 35-24-644 35-24L010 AV FLS,AV FLS,VISION,35-24FV-644 FL CTRL VLV AV NC,Tight-crop + legend classification → AV FLS
35-24FV-640,35-24L010,HV 35-24-640 35-24L010 AV,AV,VISION,35-24FV-640 FL CTRL VLV AV,Tight-crop + legend classification → AV
35-24-169,35-24L010,HV 35-24-169 35-24L010 DRN NC,DRN NC,VISION,35-24-169 SCRN IN LN PSR-100,Tight-crop + legend classification → DRN NC
35-24-168,35-24L010,HV 35-24-168 35-24L010 AV,AV,VISION,35-24-168 SCRN LN PSR-100,Tight-crop + legend classification → AV
35-24-013,35-24L010,HV 35-24-013 35-24L010 NC FLS,NC FLS,VISION,35-24-013 VLV NC,Tight-crop + legend classification → NC FLS
35-24-166,35-24L010,HV 35-24-166 35-24L010 NC FLS,NC FLS,VISION,35-24-166 SCRN REJ LN PSR-200,Tight-crop + legend classification → NC FLS
35-24-015,35-24L010,HV 35-24-015 35-24L010 DRN NC,DRN NC,VISION,35-24-015 VLV AV NC,Tight-crop + legend classification → DRN NC
35-24HV-591,35-24L011,HV 35-24-591 35-24L011 AV,AV,VISION,35-24HV-591 ISOL VLV AV-M NC,Tight-crop + legend classification → AV
35-24-098,35-24L001,HV 35-24-098 35-24L001 DRN NC,DRN NC,VISION,35-24-098,Tight-crop + legend classification → DRN NC
35-24-094,35-24L011,HV 35-24-094 35-24L011 HV,HV,VISION,35-24-094,Tight-crop + legend classification → HV
35-24-1125,35-24T601,HV 35-24-1125 35-24T601 DRN NC,DRN NC,VISION,35-24-1125 SUCT ISOL VLV NC,Tight-crop + legend classification → DRN NC
35-24-119,35-24P501,HV 35-24-119 35-24P501 HV,HV,VISION,35-24-119 DIS LN PP-300,Tight-crop + legend classification → HV
35-24-1138,35-24P501,HV 35-24-1138 35-24P501 NC,NC,VISION,35-24-1138 DIS BRANCH VLV NC,Tight-crop + legend classification → NC
35-24-072,35-24P501,HV 35-24-072 35-24P501 CHK,CHK,VISION,35-24-072 DIS VLV NC,Tight-crop + legend classification → CHK
35-24-235,35-24P501,HV 35-24-235 35-24P501 HV,HV,VISION,35-24-235 DIS BRANCH LN,Tight-crop + legend classification → HV
35-24LV1-609,35-24T601,HV 35-24-1-609 35-24T601 AV DRN,AV DRN,VISION,35-24LV1-609 LVL CTRL VLV AV,Tight-crop + legend classification → AV DRN
35-24LV2-609,35-24P501,HV 35-24-2-609 35-24P501 AV,AV,VISION,35-24LV2-609 LVL CTRL VLV AV,Tight-crop + legend classification → AV
35-24LV3-609,35-24P501,HV 35-24-3-609 35-24P501 AV,AV,VISION,35-24LV3-609 LVL CTRL VLV AV,Tight-crop + legend classification → AV
35-24-117,35-24P505,HV 35-24-117 35-24P505 DRN NC,DRN NC,VISION,35-24-117,Tight-crop + legend classification → DRN NC
35-24-1120,35-24T602,HV 35-24-1120 35-24T602 DRN NC,DRN NC,VISION,35-24-1120 VLV,Tight-crop + legend classification → DRN NC
35-24-075,35-24T601,HV 35-24-075 35-24T601 DRN NC,DRN NC,VISION,35-24-075 ISOL VLV NC,Tight-crop + legend classification → DRN NC
35-24-074,35-24P502,HV 35-24-074 35-24P502 NC FLS,NC FLS,VISION,35-24-074 CHK VLV CHK,Tight-crop + legend classification → NC FLS
35-24-1101,35-24P502,HV 35-24-1101 35-24P502 FLS HV,FLS HV,VISION,35-24-1101 ISOL VLV NC,Tight-crop + legend classification → FLS HV
35-24P504,35-24P504,HV 35-24-50-4 35-24P504 NC,NC,VISION,35-24P504 PMP 4KW 1500RPM,Tight-crop + legend classification → NC
35-24-090,35-24P504,HV 35-24-090 35-24P504 NC FLS,NC FLS,VISION,35-24-090 DRN VLV NC DRN,Tight-crop + legend classification → NC FLS
35-24FV-593,35-24P504,HV 35-24-593 35-24P504 AV FLS,AV FLS,VISION,35-24FV-593 FL CTRL VLV AV,Tight-crop + legend classification → AV FLS
35-24-113,35-24P505,HV 35-24-113 35-24P505 NC FLS,NC FLS,VISION,35-24-113 ISOL VLV NC,Tight-crop + legend classification → NC FLS
35-24-145,35-24P506,HV 35-24-145 35-24P506 DRN NC,DRN NC,VISION,35-24-145 DIS BRANCH HV,Tight-crop + legend classification → DRN NC
35-24-147,35-24P506,HV 35-24-147 35-24P506 NC FLS,NC FLS,VISION,35-24-147 BRANCH LN,Tight-crop + legend classification → NC FLS
35-24-538,35-24P506,HV 35-24-538 35-24P506 NC,NC,AI_QUALIFIER,35-24-538 NC INST,AI qualifier token(s) ['NC'] in description → NC
35-24-141,35-24P506,HV 35-24-141 35-24P506 DRN NC,DRN NC,VISION,35-24-141 VLV,Tight-crop + legend classification → DRN NC
35-24FV-550,35-24P507,HV 35-24-550 35-24P507 AV FLS,AV FLS,VISION,35-24FV-550 FL CTRL VLV AV,Tight-crop + legend classification → AV FLS
35-24-186,35-24L008,HV 35-24-186 35-24L008 DRN NC,DRN NC,VISION,35-24-186 DRN LN,Tight-crop + legend classification → DRN NC
35-24-187,35-24P509,HV 35-24-187 35-24P509 NC FLS,NC FLS,VISION,35-24-187 BRANCH VLV NC,Tight-crop + legend classification → NC FLS
35-24P510,35-24P510,HV 35-24-51-0 35-24P510 NC,NC,VISION,35-24P510 PMP 615L/S 1100KW,Tight-crop + legend classification → NC
35-24-062,35-24P510,HV 35-24-062 35-24P510 NC FLS,NC FLS,VISION,35-24-062 SUCT LN PP-250,Tight-crop + legend classification → NC FLS
35-24LV2-559,35-24P510,HV 35-24-2-559 35-24P510 AV FLS,AV FLS,VISION,35-24LV2-559 LVL CTRL VLV AV,Tight-crop + legend classification → AV FLS
35-24-205,35-24P510,HV 35-24-205 35-24P510 NC FLS,NC FLS,VISION,35-24-205 ISOL VLV HV,Tight-crop + legend classification → NC FLS
35-24LV1-559,35-24P510,HV 35-24-1-559 35-24P510 AV,AV,VISION,35-24LV1-559 LVL CTRL VLV AV,Tight-crop + legend classification → AV
35-24-130,35-24P510,HV 35-24-130 35-24P510 CHK,CHK,VISION,35-24-130 ISOL VLV HV,Tight-crop + legend classification → CHK
35-24-129,35-24T603,HV 35-24-129 35-24T603 DRN NC,DRN NC,VISION,35-24-129 ISOL VLV HV,Tight-crop + legend classification → DRN NC
35-24-131,35-24T603,HV 35-24-131 35-24T603 DRN NC,DRN NC,VISION,35-24-131 ISOL VLV NC,Tight-crop + legend classification → DRN NC
35-24-1114,35-24P510,HV 35-24-1114 35-24P510 CHK,CHK,VISION,35-24-1114 CHK VLV CHK,Tight-crop + legend classification → CHK
35-24-1099,35-24P510,HV 35-24-1099 35-24P510 NC FLS,NC FLS,VISION,35-24-1099 ISOL VLV HV,Tight-crop + legend classification → NC FLS
35-24-126,35-24P510,HV 35-24-126 35-24P510 FLS HV,FLS HV,VISION,35-24-126 ISOL VLV HV,Tight-crop + legend classification → FLS HV
35-24-123,35-24T603,HV 35-24-123 35-24T603 DRN NC,DRN NC,VISION,35-24-123 ISOL VLV HV,Tight-crop + legend classification → DRN NC
35-24NV1-557,35-24P510,HV 35-24-1-557 35-24P510 NC,NC,VISION,35-24NV1-557 RECIRC VLV NC,Tight-crop + legend classification → NC
35-24NV2-557,35-24P510,HV 35-24-2-557 35-24P510 NC,NC,VISION,35-24NV2-557 RECIRC VLV HV,Tight-crop + legend classification → NC
35-24-065,35-24T602,HV 35-24-065 35-24T602 DRN NC,DRN NC,VISION,35-24-065 SUCT LN PP-300,Tight-crop + legend classification → DRN NC
35-24-1098,35-24P511,HV 35-24-1098 35-24P511 HV,HV,VISION,35-24-1098 ISOL VLV NC,Tight-crop + legend classification → HV
35-24-121,35-24T603,HV 35-24-121 35-24T603 DRN NC,DRN NC,VISION,35-24-121 ISOL VLV HV,Tight-crop + legend classification → DRN NC
35-24-229,35-24P511,HV 35-24-229 35-24P511 HV,HV,VISION,35-24-229 DIS VLV HV,Tight-crop + legend classification → HV
35-24-134,35-24P512,HV 35-24-134 35-24P512 HV,HV,VISION,35-24-134 SUCT LN WAF-125,Tight-crop + legend classification → HV
35-24-209,35-24P512,HV 35-24-209 35-24P512 NC FLS,NC FLS,VISION,35-24-209 ISOL VLV AV,Tight-crop + legend classification → NC FLS
35-24-048,35-24T602,HV 35-24-048 35-24T602 DRN NC,DRN NC,VISION,35-24-048 ISOL VLV NC,Tight-crop + legend classification → DRN NC
35-24-135,35-24P512,HV 35-24-135 35-24P512 HV,HV,VISION,35-24-135 DIS LN PP-400,Tight-crop + legend classification → HV
35-24-045,35-24P512,HV 35-24-045 35-24P512 DRN CHK,DRN CHK,VISION,35-24-045 CHK VLV CHK,Tight-crop + legend classification → DRN CHK
35-24HV-618,35-24P512,HV 35-24-618 35-24P512 AV,AV,VISION,35-24HV-618 CTRL VLV AV,Tight-crop + legend classification → AV
35-24NV-616,35-24P512,HV 35-24-616 35-24P512 NC,NC,VISION,35-24NV-616 ISOL VLV AV NC,Tight-crop + legend classification → NC
35-24-1122,35-24P512,HV 35-24-1122 35-24P512 HV,HV,VISION,35-24-1122 VLV,Tight-crop + legend classification → HV
35-24-1139,35-24P512,HV 35-24-1139 35-24P512 CHK,CHK,VISION,35-24-1139 VLV,Tight-crop + legend classification → CHK
35-24-201,35-24P513,HV 35-24-201 35-24P513 CHK,CHK,VISION,35-24-201 VLV HV,Tight-crop + legend classification → CHK
35-24-1091,35-24P513,HV 35-24-1091 35-24P513 CHK,CHK,VISION,35-24-1091 ISOL VLV HV,Tight-crop + legend classification → CHK
35-24HV-633,35-24P513,HV 35-24-633 35-24P513 NC,NC,VISION,35-24HV-633 ISOL VLV AV,Tight-crop + legend classification → NC
35-24-019,35-24T605,HV 35-24-019 35-24T605 DRN NC,DRN NC,VISION,35-24-019 CHK VLV CHK,Tight-crop + legend classification → DRN NC
35-24-213,35-24P513,HV 35-24-213 35-24P513 NC FLS,NC FLS,VISION,35-24-213 ISOL VLV HV,Tight-crop + legend classification → NC FLS
35-24HV-636,35-24P513,HV 35-24-636 35-24P513 AV,AV,VISION,35-24HV-636 ISOL VLV AV,Tight-crop + legend classification → AV
35-24NV-634,35-24P513,HV 35-24-634 35-24P513 NC,NC,VISION,35-24NV-634 RECIRC VLV NC,Tight-crop + legend classification → NC
35-24-1093,35-24P513,HV 35-24-1093 35-24P513 NC FLS,NC FLS,VISION,35-24-1093 ISOL VLV NC,Tight-crop + legend classification → NC FLS
35-24-159,35-24P513,HV 35-24-159 35-24P513 HV,HV,VISION,35-24-159,Tight-crop + legend classification → HV
35-24-021,35-24P513,HV 35-24-021 35-24P513 CHK,CHK,VISION,35-24-021 VLV,Tight-crop + legend classification → CHK
35-24-1113,35-24P513,HV 35-24-1113 35-24P513 CHK,CHK,VISION,35-24-1113 VLV,Tight-crop + legend classification → CHK
35-24-057,35-24P514,HV 35-24-057 35-24P514 HV,HV,VISION,35-24-057 ISOL VLV HV,Tight-crop + legend classification → HV
35-24-058,35-24P514,HV 35-24-058 35-24P514 HV,HV,VISION,35-24-058 ISOL VLV HV,Tight-crop + legend classification → HV
35-24-132,35-24P514,HV 35-24-132 35-24P514 DRN NC,DRN NC,VISION,35-24-132 DISCH LN PP-500,Tight-crop + legend classification → DRN NC
35-24HV-615,35-24P514,HV 35-24-615 35-24P514 HV,HV,VISION,35-24HV-615 ISOL VLV AV,Tight-crop + legend classification → HV
35-24-133,35-24P514,HV 35-24-133 35-24P514 DRN NC,DRN NC,VISION,35-24-133 RECIRC LN PP-500,Tight-crop + legend classification → DRN NC
35-24-1132,35-24P514,HV 35-24-1132 35-24P514 FLS CHK,FLS CHK,VISION,35-24-1132 VLV NC,Tight-crop + legend classification → FLS CHK
35-24-055,35-24P514,HV 35-24-055 35-24P514 NC,NC,VISION,35-24-055 VLV NC,Tight-crop + legend classification → NC
35-24-1133,35-24P514,HV 35-24-1133 35-24P514 NC,NC,VISION,35-24-1133 VLV NC,Tight-crop + legend classification → NC
35-24-1104,35-24P514,HV 35-24-1104 35-24P514 NC,NC,VISION,35-24-1104 VLV NC,Tight-crop + legend classification → NC
35-24-056,35-24P514,HV 35-24-056 35-24P514 NC,NC,VISION,35-24-056 ISOL VLV HV,Tight-crop + legend classification → NC
35-24-155,35-24P515,HV 35-24-155 35-24P515 HV,HV,VISION,35-24-155 SUCT LN PP-150,Tight-crop + legend classification → HV
35-24-1137,35-24T605,HV 35-24-1137 35-24T605 DRN NC,DRN NC,VISION,35-24-1137 SUCT BRANCH VLV NC,Tight-crop + legend classification → DRN NC
35-24-156,35-24P515,HV 35-24-156 35-24P515 FLS HV,FLS HV,VISION,35-24-156 DIS LN PP-400,Tight-crop + legend classification → FLS HV
35-24-026,35-24T605,HV 35-24-026 35-24T605 DRN NC,DRN NC,VISION,35-24-026 VLV HV,Tight-crop + legend classification → DRN NC
35-24-024,35-24T605,HV 35-24-024 35-24T605 DRN NC,DRN NC,VISION,35-24-024 VLV HV,Tight-crop + legend classification → DRN NC
35-24-1117,35-24T604,HV 35-24-1117 35-24T604 DRN NC,DRN NC,VISION,35-24-1117 ISOL VLV NC,Tight-crop + legend classification → DRN NC
35-24-200,35-24P516,HV 35-24-200 35-24P516 CHK,CHK,VISION,35-24-200 ISOL VLV HV,Tight-crop + legend classification → CHK
35-24-146,35-24P516,HV 35-24-146 35-24P516 HV,HV,VISION,35-24-146 DIS LN WAA-400,Tight-crop + legend classification → HV
35-24-036,35-24T604,HV 35-24-036 35-24T604 DRN NC,DRN NC,VISION,35-24-036 ISOL VLV HV,Tight-crop + legend classification → DRN NC
35-24-035,35-24T604,HV 35-24-035 35-24T604 DRN NC,DRN NC,VISION,35-24-035 ISOL VLV HV,Tight-crop + legend classification → DRN NC
35-24-210,35-24P516,HV 35-24-210 35-24P516 NC FLS,NC FLS,VISION,35-24-210 CTRL VLV AV,Tight-crop + legend classification → NC FLS
35-24-148,35-24P520,HV 35-24-148 35-24P520 DRN NC,DRN NC,VISION,35-24-148 LN WAA-150,Tight-crop + legend classification → DRN NC
35-24-041,35-24P516,HV 35-24-041 35-24P516 NC,NC,VISION,35-24-041 VLV,Tight-crop + legend classification → NC
35-24-178,35-24P517,HV 35-24-178 35-24P517 HV,HV,VISION,35-24-178 SUCT LN PP-350,Tight-crop + legend classification → HV
35-24-004,35-24P517,HV 35-24-004 35-24P517 HV,HV,VISION,35-24-004 ISOL VLV HV,Tight-crop + legend classification → HV
35-24-003,35-24T607,HV 35-24-003 35-24T607 DRN NC,DRN NC,VISION,35-24-003 ISOL VLV HV,Tight-crop + legend classification → DRN NC
35-24-002,35-24P517,HV 35-24-002 35-24P517 CHK,CHK,VISION,35-24-002 ISOL VLV NC,Tight-crop + legend classification → CHK
35-24-215,35-24P517,HV 35-24-215 35-24P517 NC FLS,NC FLS,VISION,35-24-215 CHECK VLV CHK,Tight-crop + legend classification → NC FLS
35-24-001,35-24P517,HV 35-24-001 35-24P517 FLS HV,FLS HV,VISION,35-24-001 ISOL VLV HV,Tight-crop + legend classification → FLS HV
35-22-001,35-24P517,HV 35-22-001 35-24P517 HV,HV,VISION,35-22-001 VLV,Tight-crop + legend classification → HV
35-24-174,35-24P518,HV 35-24-174 35-24P518 FLS CHK,FLS CHK,VISION,35-24-174 SUCT LN PSR-250,Tight-crop + legend classification → FLS CHK
35-24-1121,35-24P518,HV 35-24-1121 35-24P518 NC,NC,VISION,35-24-1121 ISOL VLV NC,Tight-crop + legend classification → NC
35-24-008,35-24P518,HV 35-24-008 35-24P518 FLS HV,FLS HV,VISION,35-24-008 DRN VLV NC,Tight-crop + legend classification → FLS HV
35-24-172,35-24P518,HV 35-24-172 35-24P518 HV,HV,VISION,35-24-172 DIS LN PSR-150,Tight-crop + legend classification → HV
35-24-006,35-24P518,HV 35-24-006 35-24P518 CHK,CHK,VISION,35-24-006 ISOL VLV HV,Tight-crop + legend classification → CHK
35-24HV-649,35-24P518,HV 35-24-649 35-24P518 AV,AV,VISION,35-24HV-649 CTRL VLV AV-M,Tight-crop + legend classification → AV
35-24-214,35-24P518,HV 35-24-214 35-24P518 FLS CHK,FLS CHK,VISION,35-24-214 ISOL VLV HV,Tight-crop + legend classification → FLS CHK
35-24-1108,35-24P520,HV 35-24-1108 35-24P520 NC,NC,VISION,35-24-1108 LN PP-20,Tight-crop + legend classification → NC
35-24-115,35-24T601,HV 35-24-115 35-24T601 DRN NC,DRN NC,VISION,35-24-115 LN WAF-250,Tight-crop + legend classification → DRN NC
35-24-112,35-24T601,HV 35-24-112 35-24T601 NC,NC,VISION,35-24-112 LN WAF-400,Tight-crop + legend classification → NC
35-24-079,35-24T601,HV 35-24-079 35-24T601 DRN HV,DRN HV,VISION,35-24-079 VLV HV,Tight-crop + legend classification → DRN HV
35-24KV-595,35-24T601,HV 35-24-595 35-24T601 NC,NC,VISION,35-24KV-595 LVL VLV,Tight-crop + legend classification → NC
35-24-1129,35-24T602,HV 35-24-1129 35-24T602 DRN NC,DRN NC,VISION,35-24-1129 VLV NC,Tight-crop + legend classification → DRN NC
35-24-069,35-24T602,HV 35-24-069 35-24T602 DRN NC,DRN NC,VISION,35-24-069 VLV HV,Tight-crop + legend classification → DRN NC
35-24-1130,35-24T603,HV 35-24-1130 35-24T603 CHK,CHK,VISION,35-24-1130 VLV NC,Tight-crop + legend classification → CHK
35-24-114,35-24T603,HV 35-24-114 35-24T603 NC,NC,VISION,35-24-114 VLV,Tight-crop + legend classification → NC
35-24LV-621,35-24T604,HV 35-24-621 35-24T604 AV FLS,AV FLS,VISION,35-24LV-621 LVL VLV AV,Tight-crop + legend classification → AV FLS
35-24-1136,35-24T604,HV 35-24-1136 35-24T604 HV,HV,VISION,35-24-1136 VLV NC,Tight-crop + legend classification → HV
35-24-154,35-24T605,HV 35-24-154 35-24T605 CHK,CHK,VISION,35-24-154 PP-700 OUT LN,Tight-crop + legend classification → CHK
35-24-173,35-24T606,HV 35-24-173 35-24T606 HV,HV,VISION,35-24-173 PSR-250 IN LN,Tight-crop + legend classification → HV
35-24HV-532,35-24HI-532,HV 35-24-532 35-24HI-532 HV,HV,VISION,35-24HV-532 ISOL VLV HV,Tight-crop + legend classification → HV
35-24-218,35-24HI-532,HV 35-24-218 35-24HI-532 HV,HV,VISION,35-24-218,Tight-crop + legend classification → HV
35-24HV-534,35-24HI-534,HV 35-24-534 35-24HI-534 HV,HV,VISION,35-24HV-534 ISOL VLV HV,Tight-crop + legend classification → HV
35-24-1102,35-24HI-575,HV 35-24-1102 35-24HI-575 DRN NC,DRN NC,VISION,35-24-1102 VLV,Tight-crop + legend classification → DRN NC
35-24HV-501,35-24HS-501,HV 35-24-501 35-24HS-501 AV,AV,VISION,35-24HV-501 ISOL VLV AV,Tight-crop + legend classification → AV
35-24HV-555,35-24HS-555,HV 35-24-555 35-24HS-555 HV,HV,VISION,35-24HV-555 ISOL VLV AV NC,Tight-crop + legend classification → HV
35-24HV-583,35-24HS-583,HV 35-24-583 35-24HS-583 AV,AV,VISION,35-24HV-583 A VLV AV NC,Tight-crop + legend classification → AV
35-24HV-628,35-24HS-628,HV 35-24-628 35-24HS-628 HV,HV,VISION,35-24HV-628 CTRL VLV AV NC,Tight-crop + legend classification → HV
35-24HV-652,35-24HS-652,HV 35-24-652 35-24HS-652 AV DRN,AV DRN,VISION,35-24HV-652 HND VLV AV NC,Tight-crop + legend classification → AV DRN
35-24-038,35-24KJ-687,HV 35-24-038 35-24KJ-687 NC,NC,VISION,35-24-038 VLV,Tight-crop + legend classification → NC
35-24-1097,35-24KJ-687,HV 35-24-1097 35-24KJ-687 HV,HV,VISION,35-24-1097 VLV,Tight-crop + legend classification → HV
35-24-170,35-24KJ-688,HV 35-24-170 35-24KJ-688 DRN NC,DRN NC,VISION,35-24-170,Tight-crop + legend classification → DRN NC
35-24TV-9251,35-24-008,HV 35-24-9251 35-24-008 AV,AV,VISION,35-24TV-9251 CTRL VLV AV,Tight-crop + legend classification → AV
35-24-185,35-24-008,HV 35-24-185 35-24-008 NC,NC,VISION,35-24-185 VLV HV,Tight-crop + legend classification → NC
35-24-1089,35-24-008,HV 35-24-1089 35-24-008 HV,HV,VISION,35-24-1089 BRANCH 003-15,Tight-crop + legend classification → HV
35-24-188,35-24-008,HV 35-24-188 35-24-008 HV,HV,VISION,35-24-188 VLV,Tight-crop + legend classification → HV
35-24-1116,35-24-010,HV 35-24-1116 35-24-010 HV,HV,VISION,35-24-1116 BRANCH VLV AV,Tight-crop + legend classification → HV
35-24-175,35-24L008,HV 35-24-175 35-24L008 DRN NC,DRN NC,VISION,35-24-175 ISOL VLV HV,Tight-crop + legend classification → DRN NC
35-24-012,35-24T606,HV 35-24-012 35-24T606 DRN HV,DRN HV,VISION,35-24-012,Tight-crop + legend classification → DRN HV
35-24NV-504,35-24-016,HV 35-24-504 35-24-016 NC FLS,NC FLS,VISION,35-24NV-504 ISOL VLV NC,Tight-crop + legend classification → NC FLS
35-24HV-516,35-24-016,HV 35-24-516 35-24-016 AV,AV,VISION,35-24HV-516 ISOL VLV AV,Tight-crop + legend classification → AV
35-24KV-517,35-24-016,HV 35-24-517 35-24-016 HV,HV,VISION,35-24KV-517 ISOL VLV AV,Tight-crop + legend classification → HV
35-24HV-503,35-24-016,HV 35-24-503 35-24-016 HV,HV,VISION,35-24HV-503 ISOL VLV AV,Tight-crop + legend classification → HV
35-24-171,35-24-017,HV 35-24-171 35-24-017 DRN HV,DRN HV,VISION,35-24-171 ISOL VLV HV,Tight-crop + legend classification → DRN HV
35-24-017,35-24-017,HV 35-24-017 35-24-017 SMP HV,SMP HV,VISION,35-24-017,Tight-crop + legend classification → SMP HV
35-24TV-9261,35-24-024,HV 35-24-9261 35-24-024 AV,AV,VISION,35-24TV-9261 TEMP CTRL VLV AV,Tight-crop + legend classification → AV
35-24-165,35-24-024,HV 35-24-165 35-24-024 HV,HV,VISION,35-24-165 ISOL VLV NC,Tight-crop + legend classification → HV
35-24-163,35-24L007,HV 35-24-163 35-24L007 DRN HV,DRN HV,VISION,35-24-163 DRN VLV DRN NC,Tight-crop + legend classification → DRN HV
35-24-157,35-24L007,HV 35-24-157 35-24L007 DRN HV,DRN HV,VISION,35-24-157 003-15 VLV NC,Tight-crop + legend classification → DRN HV
35-24NV-519,35-24-030,HV 35-24-519 35-24-030 AV FLS,AV FLS,VISION,35-24NV-519 VLV NC,Tight-crop + legend classification → AV FLS
35-24HV-693,35-24-030,HV 35-24-693 35-24-030 NC FLS,NC FLS,VISION,35-24HV-693 ISOL VLV HV,Tight-crop + legend classification → NC FLS
35-24HV-694,35-24-030,HV 35-24-694 35-24-030 HV,HV,VISION,35-24HV-694 ISOL VLV HV,Tight-crop + legend classification → HV
35-24KV-530,35-24-030,HV 35-24-530 35-24-030 HV,HV,VISION,35-24KV-530 ISOL VLV HV,Tight-crop + legend classification → HV
35-24-037,35-24-032,HV 35-24-037 35-24-032 NC,NC,VISION,35-24-037,Tight-crop + legend classification → NC
35-24-1111,35-24P506,HV 35-24-1111 35-24P506 DRN NC,DRN NC,VISION,35-24-1111 VLV,Tight-crop + legend classification → DRN NC
35-24-1107,35-24-042,HV 35-24-1107 35-24-042 HV,HV,VISION,35-24-1107 BRANCH SPOOL,Tight-crop + legend classification → HV
35-24TV-9269,35-24-042,HV 35-24-9269 35-24-042 AV,AV,VISION,35-24TV-9269 TEMP VLV AV NC,Tight-crop + legend classification → AV
35-24-1123,35-24-042,HV 35-24-1123 35-24-042 HV,HV,VISION,35-24-1123 VLV,Tight-crop + legend classification → HV
35-24-139,35-24-045,HV 35-24-139 35-24-045 HV,HV,VISION,35-24-139 ISOL VLV HV,Tight-crop + legend classification → HV
35-24-136,35-24P506,HV 35-24-136 35-24P506 DRN HV,DRN HV,VISION,35-24-136 VLV HV,Tight-crop + legend classification → DRN HV
35-24-050,35-24-050,HV 35-24-050 35-24-050 DRN HV,DRN HV,VISION,35-24-050,Tight-crop + legend classification → DRN HV
35-24-138,35-24-052,HV 35-24-138 35-24-052 FLS HV,FLS HV,VISION,35-24-138 ISOL VLV HV,Tight-crop + legend classification → FLS HV
35-24HV-552,35-24-052,HV 35-24-552 35-24-052 NC FLS,NC FLS,VISION,35-24HV-552 ISOL VLV AV NC,Tight-crop + legend classification → NC FLS
35-24KV-553,35-24-052,HV 35-24-553 35-24-052 HV,HV,VISION,35-24KV-553 ISOL VLV AV,Tight-crop + legend classification → HV
35-24HV-653,35-24-052,HV 35-24-653 35-24-052 HV,HV,VISION,35-24HV-653 ISOL VLV AV NC,Tight-crop + legend classification → HV
35-24-1118,35-24-061,HV 35-24-1118 35-24-061 NC,NC,VISION,35-24-1118 VLV NC 003-15,Tight-crop + legend classification → NC
35-24-061,35-24-061,HV 35-24-061 35-24-061 DRN NC,DRN NC,VISION,35-24-061,Tight-crop + legend classification → DRN NC
35-24-1115,35-24-063,HV 35-24-1115 35-24-063 HV,HV,VISION,35-24-1115 VLV HV,Tight-crop + legend classification → HV
35-24-063,35-24-063,HV 35-24-063 35-24-063 NC FLS,NC FLS,VISION,35-24-063,Tight-crop + legend classification → NC FLS
35-24-225,35-24-068,HV 35-24-225 35-24-068 NC,NC,VISION,35-24-225 VLV HV 003-15,Tight-crop + legend classification → NC
35-24-1092,35-24T603,HV 35-24-1092 35-24T603 DRN NC,DRN NC,VISION,35-24-1092 VLV,Tight-crop + legend classification → DRN NC
35-24-109,35-24-076,HV 35-24-109 35-24-076 HV,HV,VISION,35-24-109 ISOL VLV HV,Tight-crop + legend classification → HV
35-24-1127,35-24-076,HV 35-24-1127 35-24-076 CHK,CHK,VISION,35-24-1127 VLV,Tight-crop + legend classification → CHK
35-24-106,35-24-079,HV 35-24-106 35-24-079 HV,HV,VISION,35-24-106 ISOL VLV HV,Tight-crop + legend classification → HV
35-24-003.4,35-24-079,HV 35-24-003.4 35-24-079 HV,HV,VISION,35-24-003.4,Tight-crop + legend classification → HV
35-24-104,35-24P505,HV 35-24-104 35-24P505 DRN NC,DRN NC,VISION,35-24-104 ISOL VLV HV,Tight-crop + legend classification → DRN NC
35-24-103,35-24-083,HV 35-24-103 35-24-083 NC FLS,NC FLS,VISION,35-24-103 BRANCH 003-50,Tight-crop + legend classification → NC FLS
35-24-1119,35-24-087,HV 35-24-1119 35-24-087 HV,HV,VISION,35-24-1119 VLV NC,Tight-crop + legend classification → HV
35-24-1090,35-24-097,HV 35-24-1090 35-24-097 DRN NC,DRN NC,VISION,35-24-1090 VLV,Tight-crop + legend classification → DRN NC
35-24-1135,35-24-097,HV 35-24-1135 35-24-097 HV,HV,VISION,35-24-1135 VLV,Tight-crop + legend classification → HV
35-24-099,35-24L001,HV 35-24-099 35-24L001 DRN NC,DRN NC,VISION,35-24-099 WFL-15 HEADER LN,Tight-crop + legend classification → DRN NC
35-24-091,35-24L001,HV 35-24-091 35-24L001 DRN HV,DRN HV,VISION,35-24-091 DRN VLV DRN HV,Tight-crop + legend classification → DRN HV
35-24-1124,35-24-102,HV 35-24-1124 35-24-102 HV,HV,VISION,35-24-1124 ISOL VLV HV,Tight-crop + legend classification → HV
35-24KV-594,35-24-106,HV 35-24-594 35-24-106 AV,AV,VISION,35-24KV-594 ISOL VLV AV NC,Tight-crop + legend classification → AV
35-24HV-654,35-24-109,HV 35-24-654 35-24-109 HV,HV,VISION,35-24HV-654 ISOL VLV HV,Tight-crop + legend classification → HV
35-24HV-580,35-24-109,HV 35-24-580 35-24-109 HV,HV,VISION,35-24HV-580 ISOL VLV HV,Tight-crop + legend classification → HV
35-24-085,35-24T601,HV 35-24-085 35-24T601 DRN NC,DRN NC,VISION,35-24-085 WAF 500 BRANCH LN,Tight-crop + legend classification → DRN NC
35-24FV-598,35-24-112,HV 35-24-598 35-24-112 AV,AV,VISION,35-24FV-598 FL CTRL VLV AV,Tight-crop + legend classification → AV
35-24HV-597,35-24-112,HV 35-24-597 35-24-112 NC FLS,NC FLS,VISION,35-24HV-597 ISOL VLV HV,Tight-crop + legend classification → NC FLS
35-24-401.2,35-24-112,HV 35-24-401.2 35-24-112 NC,NC,VISION,35-24-401.2,Tight-crop + legend classification → NC
35-24-403.2,35-24-112,HV 35-24-403.2 35-24-112 NC,NC,VISION,35-24-403.2,Tight-crop + legend classification → NC
35-24-1109,35-24-121,HV 35-24-1109 35-24-121 HV,HV,VISION,35-24-1109 BRANCH LN DN15,Tight-crop + legend classification → HV
35-24TV-9301,35-24-121,HV 35-24-9301 35-24-121 AV,AV,VISION,35-24TV-9301 TEMP CTRL VLV AV,Tight-crop + legend classification → AV
35-24-073,35-24T601,HV 35-24-073 35-24T601 DRN HV,DRN HV,VISION,35-24-073 VLV NC DRN,Tight-crop + legend classification → DRN HV
35-24-070,35-24-122,HV 35-24-070 35-24-122 DRN HV,DRN HV,VISION,35-24-070 DRN VLV NC DRN,Tight-crop + legend classification → DRN HV
35-24-1103,35-24-123,HV 35-24-1103 35-24-123 HV,HV,VISION,35-24-1103 VLV HV 003-15,Tight-crop + legend classification → HV
35-24-1126,35-24-123,HV 35-24-1126 35-24-123 HV,HV,VISION,35-24-1126,Tight-crop + legend classification → HV
35-24-059,35-24-129,HV 35-24-059 35-24-129 HV,HV,VISION,35-24-059 003-15 VLV HV,Tight-crop + legend classification → HV
35-24-1134,35-24-153,HV 35-24-1134 35-24-153 HV,HV,VISION,35-24-1134 VLV NC,Tight-crop + legend classification → HV
35-24-022,35-24-157,HV 35-24-022 35-24-157 NC,NC,VISION,35-24-022 VLV HV,Tight-crop + legend classification → NC
35-24-020,35-24-160,HV 35-24-020 35-24-160 NC,NC,VISION,35-24-020 VLV HV 003-15,Tight-crop + legend classification → NC
35-24-014,35-24-167,HV 35-24-014 35-24-167 NC,NC,VISION,35-24-014 VLV AV NC,Tight-crop + legend classification → NC
35-24-167,35-24L007,HV 35-24-167 35-24L007 DRN NC,DRN NC,VISION,35-24-167,Tight-crop + legend classification → DRN NC
35-24-195,35-24P519,HV 35-24-195 35-24P519 DRN HV,DRN HV,VISION,35-24-195 WFL 15 BRANCH LN,Tight-crop + legend classification → DRN HV
35-24-203,35-24-203,HV 35-24-203 35-24-203 DRN HV,DRN HV,VISION,35-24-203 WFL LN SPOOL,Tight-crop + legend classification → DRN HV
35-24-224,35-24T607,HV 35-24-224 35-24T607 DRN HV,DRN HV,VISION,35-24-224 ISOL VLV HV 003-15,Tight-crop + legend classification → DRN HV
